Study,Year,y_true,pred_ols,pred_ridge,pred_knn,pred_basic_nn,pred_fusion
arlazarov_2012,,0.08,0.16656270402550027,0.16692300863888104,0.1754431280110435,0.23409243299496985,0.1834659175118116
arlazarov_2012,,0.15,0.17304004244759857,0.17338965882228843,0.18516094230427235,0.2541361894550326,0.19370199100919855
arlazarov_2012,,0.22,0.17951738086969687,0.1798563090056958,0.18865754029325016,0.26187928295763296,0.1996604333841029
arlazarov_2012,,0.25,0.18599471929179517,0.18632295918910313,0.1917022667939189,0.2570255392432631,0.2028014874664395
arlazarov_2012,,0.18,0.19247205771389347,0.1927896093725105,0.20511782568098944,0.24141090734496085,0.20637665182909265
arlazarov_thesis_2015,2015.0,0.146,0.2808380925952068,0.28082394519505516,0.3707568034852581,0.28136323197932056,0.3046943270716284
arlazarov_thesis_2015,2015.0,0.214,0.2858220358734044,0.285789537293701,0.3698592492606315,0.2900196420436704,0.3089067670572568
arlazarov_thesis_2015,2015.0,0.259,0.29037990548338966,0.29033062455306197,0.34965068432236224,0.2853855098713737,0.30495067597980535
arlazarov_thesis_2015,2015.0,0.301,0.2932573560395931,0.2931974801628825,0.30695101293513777,0.2797964246829933,0.29397508100049097
arlazarov_thesis_2015,2015.0,0.262,0.2961353830337074,0.29606491008813474,0.2861866717894481,0.27553309161845185,0.2890768431242819
arlazarov_thesis_2015,2015.0,0.257,0.29781906599255825,0.29774239362484906,0.26237139237896207,0.274525893542959,0.28344830886143113
arlazarov_thesis_2015,2015.0,0.226,0.3013376295873626,0.30124800165642,0.24699191751140712,0.2768784291579152,0.28172278959702196
arlazarov_thesis_2015,2015.0,0.225,0.3028188323741065,0.3027237505652253,0.23915933517295318,0.27963678619359256,0.2810163530049058
arlazarov_thesis_2015,2015.0,0.211,0.30569737836768746,0.3055916975789569,0.24465264848772633,0.28752289169373285,0.28565523200872917
arlazarov_thesis_2015,2015.0,0.203,0.30738123434397885,0.3072693534960511,0.24652406378272812,0.29338146464955867,0.28828116389973757
arlazarov_thesis_2015_gba,2015.0,0.2,0.18563579064385954,0.18610410048053314,0.21374365300504305,0.28417042379671364,0.2142859267476787
arlazarov_thesis_2015_gba,2015.0,0.28,0.18384650882383433,0.18431818537187072,0.2136788127841879,0.2775687196653093,0.2119222003089943
arlazarov_thesis_2015_gba,2015.0,0.28,0.18231283869238413,0.18278740099301719,0.21360164751213725,0.2719292151836822,0.20989453844597378
arlazarov_thesis_2015_gba,2015.0,0.27,0.1807791685609339,0.18125661661416367,0.21350253411560896,0.2663162802236425,0.2078667708871109
arlazarov_thesis_2015_gba,2015.0,0.3,0.17898988674090865,0.17947070150550126,0.2223041643412994,0.259811184209123,0.20786536335702965
arlazarov_thesis_2015_gba,2015.0,0.27,0.17745621660945848,0.17793991712664772,0.22725650287195212,0.25427964783927337,0.2071891140735569
arlazarov_thesis_2015_gba,2015.0,0.25,0.17566693478943324,0.1761540020179853,0.22697174719963223,0.24788506103593144,0.20481166951721755
arlazarov_thesis_2015_gba,2015.0,0.24,0.17413326465798304,0.17462321763913177,0.219343069239832,0.24245916498798475,0.20083541154582527
arlazarov_thesis_2015_gba,2015.0,0.22,0.17259959452653287,0.17309243326027826,0.21907900861014154,0.2370875636474254,0.19881577153182003
arlazarov_thesis_2015_gba,2015.0,0.2,0.17081031270650762,0.17130651815161585,0.23020537253431728,0.23089232842672774,0.19949469152869148
arlazarov_thesis_2015_gba,2015.0,0.17,0.16927664257505742,0.1697757337727623,0.22992903566541323,0.2256451439339491,0.19749845755248494
arlazarov_thesis_2015_gba,2015.0,0.14,0.16748736075503218,0.1679898186640999,0.22963615689280575,0.21959777808790026,0.1951932370991366
arlazarov_thesis_2015_gba,2015.0,0.09,0.16595369062358195,0.16645903428524636,0.22519598264183768,0.21447784325221575,0.1921245923128489
arlazarov_thesis_2015_gba,2015.0,0.06,0.16442002049213175,0.16492824990639285,0.22504026882011566,0.20941562452869214,0.19019983160818407
arlazarov_thesis_2015_gba,2015.0,0.03,0.16263073867210653,0.1631423347977304,0.22491777997170787,0.20358060191979502,0.1879850916481329
cai_2016,,0.18,0.47819402304510267,0.47833557682132566,0.42738826313554334,0.4561621337259002,0.4600943312213024
cai_2016,,0.32,0.4841495242036288,0.4842845511632137,0.4290090395435983,0.4651456764435795,0.4655518915005279
cai_2016,,0.42,0.4901050253621549,0.49023352550510163,0.4280174705227119,0.4764312852155327,0.4708126009443229
cai_2016,,0.48,0.4960605265206811,0.49618249984698964,0.42608967788925606,0.48931496361201,0.4761683365845719
chen_2023_mn_segregation_band,2023.0,0.612,0.4027561701387686,0.4034754555678734,0.3322756739859118,0.044869795267514084,0.3076763502170157
chen_2023_mn_segregation_band,2023.0,0.659,0.4167767305060896,0.4174609095703096,0.3362527615279875,0.17622682787943175,0.3441669464868286
chen_2023_mn_segregation_band,2023.0,0.718,0.4307972908734106,0.4314463635727458,0.3392700294795373,0.2991036845056898,0.37858773155539915
demoor_2011,,0.02,0.20636628105520427,0.20659985141287254,0.25165335583103215,0.18201965645933435,0.21317286405864594
demoor_2011,,0.08,0.21293371502748185,0.21314320294885608,0.1955761590489895,0.21996705208615466,0.20991072626539314
demoor_2011,,0.15,0.2180733929290423,0.21826403392083055,0.20924173758383177,0.2483098472021683,0.22226691836922513
demoor_2011,,0.28,0.22468277995265204,0.2248491846685051,0.2472844494090744,0.23460971366361172,0.2328215028062265
demoor_2011,,0.35,0.23129281278242173,0.23143497885420228,0.23491964504165402,0.18085849668941062,0.22148551538729003
demoor_2015,,0.05,0.2066049264234518,0.20683706026957366,0.203808409032427,0.16139980420557187,0.19624473015635377
demoor_2015,,0.12,0.2112460132319236,0.21146182240615488,0.20455020401831642,0.19236710645315064,0.20549042720929495
demoor_2015,,0.22,0.2148413322967987,0.21504449520809674,0.21507081406298312,0.20284591215539977,0.212385745064107
demoor_2015,,0.32,0.21948931114933165,0.2196761251464953,0.21842002395905122,0.20929679356527764,0.2170726058965543
demoor_2015,,0.36,0.2212874809381869,0.2214679700090955,0.20416867836244582,0.21276896307605342,0.2149890067600393
demoor_2015,,0.4,0.2263356403015696,0.22649837285365848,0.20665386954948872,0.2283973977115838,0.22162178540685618
gibbs_2011,,0.23,0.3338426609754238,0.3336762951996381,0.2263574479537641,0.4919852049576743,0.3392841859950651
gibbs_2011,,0.3429999999999999,0.3402670844657573,0.3400905674862725,0.22649041640138606,0.5052034164890754,0.3454995167958013
gibbs_2011,,0.428,0.34669150795609077,0.34650483977290686,0.2525378571116713,0.5134829557073683,0.3575010486853653
gibbs_2011,,0.435,0.35311593144642434,0.35291911205954124,0.2657510339960517,0.5170709932582951,0.36510821521271397
gibbs_2011,,0.0139999999999999,0.25450241227865805,0.2545808117314354,0.28007969891996276,0.39287647365097145,0.29091542226981604
glover_phd_2020,2020.0,0.396,0.206516515019587,0.2072435463873297,0.16137158253481682,0.040001725925634835,0.15911867731691298
glover_phd_2020,2020.0,0.43,0.2115477678045015,0.2122283401669093,0.15087898331694763,0.10431316297724944,0.1727348718535944
glover_phd_2020,2020.0,0.424,0.21663870719815648,0.21727226940413588,0.15225181180839675,0.16613592725493512,0.18898267527489987
glover_phd_2020,2020.0,0.393,0.21207330785919343,0.21280287038105272,0.1541796533985598,0.09988795848113147,0.17294573807294397
glover_phd_2020,2020.0,0.376,0.21710456064410788,0.21778766416063228,0.15518392183616136,0.16055278591736338,0.188817197214527
glover_phd_2020,2020.0,0.312,0.22219550003776287,0.2228315933978589,0.15659213385311674,0.2164421844687318,0.20380350940690695
glover_phd_2020,2020.0,0.38,0.2176301006987998,0.21836219437477572,0.15595246815796374,0.16336898926317672,0.1899103303657506
glover_phd_2020,2020.0,0.34,0.22266135348371427,0.22334698815435527,0.15674407114915145,0.21823392231198063,0.20448337628114574
glover_phd_2020,2020.0,0.237,0.22775229287736923,0.22839091739158188,0.17339460759401126,0.26581329411888593,0.2217152924050392
glover_phd_2020,2020.0,0.345,0.22318689353840615,0.22392151836849872,0.17326186826108286,0.22536526260412099,0.21066010869598828
glover_phd_2020,2020.0,0.276,0.22821814632332063,0.22890631214807827,0.17809911782481308,0.2724197179897103,0.2246287216709188
glover_phd_2020,2020.0,0.218,0.23330908571697562,0.23395024138530487,0.1866313719528617,0.30975598069814847,0.23752268972820045
glover_phd_2020,2020.0,0.34,0.22874368637801254,0.2294808423622217,0.18357432822680783,0.28165504788870266,0.22833975911397847
glover_phd_2020,2020.0,0.259,0.23377493916292702,0.23446563614180127,0.17882876411893073,0.31935234647701605,0.23777340000092664
glover_phd_2020,2020.0,0.192,0.238865878556582,0.23950956537902787,0.18753986338832146,0.34517982052634705,0.2482495947870381
glover_phd_2020,2020.0,0.332,0.238865878556582,0.23950956537902787,0.18753986338832146,0.34517982052634705,0.2482495947870381
glover_phd_2020,2020.0,0.353,0.238865878556582,0.23950956537902787,0.18753986338832146,0.34517982052634705,0.2482495947870381
glover_phd_2020,2020.0,0.355,0.238865878556582,0.23950956537902787,0.18753986338832146,0.34517982052634705,0.2482495947870381
glover_phd_2020,2020.0,0.349,0.238865878556582,0.23950956537902787,0.18753986338832146,0.34517982052634705,0.2482495947870381
glover_phd_2020,2020.0,0.345,0.238865878556582,0.23950956537902787,0.18753986338832146,0.34517982052634705,0.2482495947870381
glover_phd_2020,2020.0,0.297,0.238865878556582,0.23950956537902787,0.18753986338832146,0.34517982052634705,0.2482495947870381
glover_phd_2020,2020.0,0.05,0.19353228817986637,0.19370393337877714,0.22032663681027012,0.27109067219131644,0.21726528198758083
glover_phd_2020,2020.0,0.08,0.15679573626012777,0.15752198198467812,0.1646302351077191,0.2337972962907966,0.17554698310473374
glover_phd_2020,2020.0,0.09,0.16235252909973413,0.16308130597840112,0.16610842999646488,0.2894724179322157,0.19076186047098553
glover_phd_2020,2020.0,0.11,0.16790932193934052,0.16864062997212412,0.1673182754900827,0.33527552363754487,0.20379143251543974
glover_phd_2020,2020.0,0.12,0.1734661147789469,0.17419995396584712,0.16848940162948536,0.3712016321281283,0.21469527741340688
glover_phd_2020,2020.0,0.08,0.17902290761855327,0.17975927795957009,0.17128512327140077,0.39807933848535015,0.22409014749885747
glover_phd_2020,2020.0,0.3,0.24512525382264605,0.2453171626800072,0.28696538283019674,0.24293983061685143,0.2557572141337708
glover_phd_2020,2020.0,0.28,0.20838870190290743,0.20913521128590815,0.1619599469209552,0.023405919021454502,0.15670133198763517
glover_phd_2020,2020.0,0.32,0.2139454947425138,0.21469453527963114,0.15450728679748138,0.0797961179204526,0.1697107371038998
glover_phd_2020,2020.0,0.28,0.2195022875821202,0.22025385927335414,0.16350477883095127,0.14218482737492646,0.1883494017319093
glover_phd_2020,2020.0,0.28,0.22505908042172657,0.2258131832670771,0.16490648922108547,0.205518351511696,0.20518439202973449
glover_phd_2020,2020.0,0.2,0.23061587326133293,0.2313725072608001,0.17858305351567072,0.2650648839728993,0.22445004472101457
glover_phd_2020,2020.0,0.19,0.31556952192400545,0.31563278740012135,0.27636182769536216,0.07734463293243987,0.25420720279226156
glover_phd_2020,2020.0,0.19,0.2788329700042668,0.27945083600602233,0.2625986735527257,0.1823775166718613,0.2540475402666497
glover_phd_2020,2020.0,0.26,0.28438976284387324,0.2850101599997453,0.2625740595263397,0.234084712366804,0.26801565822612206
glover_phd_2020,2020.0,0.27,0.28994655568347966,0.29056948399346827,0.26113634683512355,0.2836256826429553,0.2811466058107345
glover_phd_2020,2020.0,0.28,0.295503348523086,0.29612880798719127,0.26102019393769954,0.3280559295500715,0.2935319375535584
glover_phd_2020,2020.0,0.31,0.3010601413626924,0.30168813198091426,0.2559672271727187,0.3658058864936551,0.30318264545198914
grajcar_2014_tmr,2014.0,0.177,0.13325307964597052,0.1333479074533717,0.16799863512075683,0.0644471317210899,0.12771692823856956
grajcar_2014_tmr,2014.0,0.165,0.11554777953795131,0.1161585103072008,0.1298261056535494,0.05496848078536912,0.10650296568027966
grajcar_2014_tmr,2014.0,0.155,0.1256795386915364,0.12577893833279455,0.17699834506419027,0.05981018851192996,0.1251505358938666
grajcar_2014_tmr,2014.0,0.14,0.10797423858351718,0.10858954118662369,0.1302422613404875,0.0411746121733394,0.09970839126255146
grajcar_2014_tmr,2014.0,0.096,0.14387132372635394,0.14413267480766181,0.1114108962069658,0.12059400873977291,0.13038114351295582
grajcar_2014_tmr,2014.0,0.081,0.12616602361833473,0.12694327766149094,0.1466737587938007,0.0944251449028668,0.1249866146885748
grajcar_2014_tmr,2014.0,0.083,0.15229634948958845,0.15253131075501594,0.10972311255857256,0.132171861360615,0.1368037826437566
grajcar_2014_tmr,2014.0,0.074,0.13459104938156924,0.13534191360884507,0.1531664677026857,0.07370767558948296,0.12665255169639808
grajcar_2018_ra_stability,2018.0,0.104,0.16714739748938442,0.1672053956217941,0.16149209090471775,0.03186650065645219,0.13669388388240616
grajcar_2018_ra_stability,2018.0,0.133,0.17261198078440296,0.17264730747080173,0.16821440374255547,0.03162168604787449,0.14126184783361512
grajcar_2018_ra_stability,2018.0,0.132,0.17497922135974212,0.17500472684587706,0.18677270814421582,0.03456847590589615,0.14802670035831597
grajcar_2018_ra_stability,2018.0,0.047,0.1787364300897695,0.17874634768012615,0.2021119624193861,0.04285981348596665,0.1558097881734007
grajcar_2018_ra_stability,2018.0,0.094,0.15049085758195388,0.1505680818064868,0.16293013491569397,0.05895454105267489,0.13419054554569457
grajcar_2018_ra_stability,2018.0,0.168,0.16155141918317845,0.16160769463864424,0.1769997339245906,0.04089280692736694,0.1398027725860694
grajcar_2018_ra_stability,2018.0,0.111,0.18367254238562752,0.1836869203029592,0.19672146312269936,0.03450926457581918,0.1551740169111725
grajcar_2018_ra_stability,2018.0,0.115,0.1594715357055811,0.1595332894768766,0.1561318618131004,0.00949666693332163,0.12648333560474462
grajcar_2018_ra_stability,2018.0,0.159,0.16493611900059962,0.1649752013258842,0.17744734957041364,0.006188790512838993,0.13424928313990683
grajcar_2018_ra_stability,2018.0,0.124,0.16730335957593878,0.16733262070095953,0.1867943198030853,0.00830259814911083,0.13840301850929215
grajcar_2018_ra_stability,2018.0,0.078,0.17106056830596617,0.17107424153520862,0.20226077685324684,0.016070130020938794,0.1461075093103885
grajcar_2018_ra_stability,2018.0,0.093,0.14281499579815055,0.14289597566156928,0.1663410074784462,0.026416037961852518,0.12411846428227136
grajcar_2018_ra_stability,2018.0,0.177,0.15387555739937508,0.1539355884937267,0.1550002056712083,0.011325187780086732,0.12365614494824986
grajcar_2018_ra_stability,2018.0,0.098,0.17599668060182413,0.17601481415804165,0.19703287060922522,0.014392174748138753,0.14694384600163987
grajcar_2018_ra_stability,2018.0,0.078,0.19109558858640868,0.19123845021557284,0.16398448052387984,0.09108280043302094,0.16255166145482836
grajcar_2018_ra_stability,2018.0,0.109,0.19656017188142721,0.19668036206458045,0.1611086668235229,0.10191319467503901,0.16695690871912744
grajcar_2018_ra_stability,2018.0,0.081,0.19892741245676637,0.1990377814396558,0.1915084834896595,0.10841870276208332,0.17761131695664914
grajcar_2018_ra_stability,2018.0,0.07,0.20268462118679376,0.20277940227390492,0.19857331606133452,0.12046971182787986,0.18401440138595623
grajcar_2018_ra_stability,2018.0,0.098,0.18549961028020268,0.185640749232423,0.16295273572360397,0.11150859102883168,0.16373410739847355
grajcar_2018_ra_stability,2018.0,0.095,0.17443904867897814,0.17460113640026553,0.16391974871960224,0.1288510990048336,0.16193898895094228
grajcar_2018_ra_stability,2018.0,0.082,0.20762073348265175,0.2077199748967379,0.19080689060482722,0.10352932821696514,0.18091133922570335
grajcar_2018_ra_stability,2018.0,0.071,0.19790817039966904,0.1980313372181604,0.15806720460363022,0.10149974306900872,0.16676915610153853
grajcar_2018_ra_stability,2018.0,0.11,0.20337275369468752,0.20347324906716804,0.1615430944999119,0.11789592936085014,0.17404398995571774
grajcar_2018_ra_stability,2018.0,0.08,0.20573999427002668,0.20583066844224338,0.16935360475727973,0.1265591625578475,0.17919473417646556
grajcar_2018_ra_stability,2018.0,0.068,0.20949720300005412,0.2095722892764925,0.18925765324398736,0.14161311188367404,0.18963182784069482
grajcar_2018_ra_stability,2018.0,0.134,0.19231219209346304,0.19243363623501056,0.1634451627657505,0.1257260350415143,0.17045840801362427
grajcar_2018_ra_stability,2018.0,0.122,0.1812516304922385,0.1813940234028531,0.1795311673270175,0.1411937843244171,0.17225465716949764
grajcar_2018_ra_stability,2018.0,0.095,0.21443331529591209,0.21451286189932547,0.1907655843804809,0.1215704275141273,0.18831364971096606
grajcar_2019_mech_stability,2019.0,0.168,0.0,0.0,0.12283302726233891,0.1819306319916279,0.07140684543189621
grajcar_2019_mech_stability,2019.0,0.173,0.0,0.0,0.12240893770339242,0.13311602953045037,0.06083950418635649
grajcar_2019_mech_stability,2019.0,0.083,0.0,0.0,0.12283302726233891,0.1819306319916279,0.07140684543189621
grajcar_2019_mech_stability,2019.0,0.086,0.0,0.0,0.12240893770339242,0.13311602953045037,0.06083950418635649
grajcar_2019_mech_stability,2019.0,0.057,0.0,0.0,0.12283302726233891,0.1819306319916279,0.07140684543189621
grajcar_2019_mech_stability,2019.0,0.065,0.0,0.0,0.12240893770339242,0.13311602953045037,0.06083950418635649
grajcar_2019_mech_stability,2019.0,0.048,0.0,0.0,0.12283302726233891,0.1819306319916279,0.07140684543189621
grajcar_2019_mech_stability,2019.0,0.054,0.0,0.0,0.12240893770339242,0.13311602953045037,0.06083950418635649
han_2014,,0.12,0.23631050311722446,0.23623743472940348,0.2115719822023827,0.20182980788207674,0.22237276869741304
han_2014,,0.2,0.24279678839291988,0.24271259637254483,0.22110729532716789,0.20971473549052227,0.2299609630865652
han_2014,,0.3,0.2492830736686153,0.24918775801568627,0.231720765586627,0.21465127240199144,0.23720239772102167
han_2014,,0.35,0.2557693589443107,0.25566291965882765,0.22947931665803273,0.21716222353765943,0.240529336380463
han_2014,,0.25,0.2622556442200062,0.26213808130196903,0.22705541545055974,0.2177156617545971,0.24338882029529302
han_2014,,0.1,0.2687419294957015,0.26861324294511035,0.2226390997953793,0.2167183641446446,0.2453899654898813
hausman_2017,,0.15,0.2526599693431693,0.2526161031490714,0.2187542756458506,0.09512062227644075,0.20995154004403477
hausman_2017,,0.28,0.2591841030577525,0.2591293465004101,0.22696853521550503,0.13043967827532216,0.22308662218051112
hausman_2017,,0.38,0.2657082367723358,0.2656425898517487,0.23006227837226362,0.17327559595158587,0.23647937704867966
hausman_2017,,0.42,0.272232370486919,0.27215583320308745,0.23042606210363709,0.22082204757092339,0.2501600762324825
hu_2016_mn_al_trip,2016.0,0.153,0.29361055821174376,0.293632695956417,0.20855911318350734,0.2941439215672106,0.2712685654924001
hu_2016_mn_al_trip,2016.0,0.325,0.33278035887397206,0.3327376735210382,0.27242770414609147,0.26226367964520525,0.30172654055436576
hu_luo_2017,,0.15,0.22249902033396496,0.2226629444484039,0.20017693844536208,0.24513284920942782,0.22149439507901594
hu_luo_2017,,0.25,0.22899064836044153,0.22914356527932497,0.21280731356305355,0.2658855904246648,0.23265889880187868
hu_luo_2017,,0.38,0.2354822763869181,0.23562418611024608,0.20016171973441427,0.28172644387720547,0.23609599062214842
hu_luo_2017,,0.3,0.24197390441339464,0.24210480694116712,0.20004179407235678,0.29312827269450337,0.24189032919363398
kantanen_2022_qp_art,2022.0,0.1,0.07971490138041355,0.07984479660416693,0.16706784682102568,0.035875737145461384,0.09342897249128872
kantanen_2022_qp_art,2022.0,0.08,0.06149155180322875,0.061864347599314695,0.14658070828441558,0.0,0.07089030414482103
kantanen_2022_qp_art,2022.0,0.22,0.1709984849114669,0.17107373105351514,0.27996587194326183,0.1812073523312021,0.20198290280456596
kantanen_2022_qp_art,2022.0,0.11,0.1527751353342821,0.1530932820486629,0.22859867581571852,0.0,0.14016103461674817
kantanen_2022_qp_art,2022.0,0.2,0.1127729442704891,0.11287463836576557,0.19150738777326745,0.07296928499911087,0.12506785723963543
kantanen_2022_qp_art,2022.0,0.21,0.09454959469330433,0.09489418936091332,0.1468354384976754,0.0,0.08819713261812001
kantanen_2022_qp_art,2022.0,0.49,0.19553959294089726,0.19557575254176873,0.267022728149912,0.18616187872858056,0.2124191030919752
kantanen_2022_qp_art,2022.0,0.38,0.17731624336371243,0.1775953035369165,0.23439523739479246,0.0,0.1544851907595286
kantanen_2022_qp_art,2022.0,0.17,0.07895274083628923,0.07908208234167742,0.16765884360085548,0.030858903873007826,0.0921127493444998
kantanen_2022_qp_art,2022.0,0.11,0.06072939125910444,0.06110163333682517,0.14779664328247583,0.0,0.07081365540793032
kantanen_2022_qp_art,2022.0,0.24,0.17439766499712148,0.17445388185786787,0.28066641812030724,0.1567687367298149,0.19870197878934975
kantanen_2022_qp_art,2022.0,0.05,0.15617431541993665,0.15647343285301557,0.23604953824145058,0.0,0.14389723994157558
kantanen_2022_qp_art,2022.0,0.11,0.09239317687083765,0.0925154819443542,0.1702384668922152,0.06016138272804522,0.10608042377381922
kantanen_2022_qp_art,2022.0,0.06,0.09239317687083765,0.0925154819443542,0.1702384668922152,0.06016138272804522,0.10608042377381922
kantanen_2022_qp_art,2022.0,0.16,0.1127729442704891,0.11287463836576557,0.19150738777326745,0.07296928499911087,0.12506785723963543
kantanen_2022_qp_art,2022.0,0.17,0.0916310163267133,0.09175276768186466,0.17082691981393403,0.05374335835637206,0.10446341514168132
kantanen_2022_qp_art,2022.0,0.15,0.0916310163267133,0.09175276768186466,0.17082691981393403,0.05374335835637206,0.10446341514168132
kantanen_2022_qp_art,2022.0,0.33,0.1709984849114669,0.17107373105351514,0.27996587194326183,0.1812073523312021,0.20198290280456596
kantanen_2022_qp_art,2022.0,0.25,0.18377128701686393,0.18383047627081422,0.2606959626041781,0.17664471661011966,0.20257607622282048
kantanen_2022_qp_art,2022.0,0.11,0.18377128701686393,0.18383047627081422,0.2606959626041781,0.17664471661011966,0.20257607622282048
kantanen_2022_qp_art,2022.0,0.28,0.17439766499712148,0.1744538818578678,0.28066641812030724,0.15676873672981478,0.1987019787893497
kozlowska_2025_qp_plate,2025.0,0.178,0.14290710507922832,0.14332343213181495,0.1174711772534761,0.07773288846951154,0.12233887613748524
lee_decooman_2014,,0.05,0.2466336633397587,0.24671289409353192,0.2445083391867081,0.24146673078073536,0.24498637501360016
lee_decooman_2014,,0.12,0.253300425992703,0.2533683475776699,0.25176580457658554,0.2614695580259535,0.2546625697322496
lee_decooman_2014,,0.18,0.25996718864564744,0.26002380106180784,0.2695884023668917,0.28126139746561973,0.26708381613385523
lee_decooman_2014,,0.28,0.2666339512985918,0.26667925454594577,0.2704821989566547,0.30016202843767226,0.2748432980562792
lee_decooman_2014,,0.32,0.2719673614209473,0.27200361733325606,0.2689222424439473,0.3144403337521899,0.2802696735513651
lee_decooman_2014,,0.22,0.27996747660448057,0.2799901615142216,0.2684779768105586,0.3346458928015381,0.28865031114861134
li_2015_hot_rolled_trip_time,2015.0,0.503,0.2985142649558599,0.2983521226695272,0.24247203296980074,0.2507460015359581,0.2734399994690718
lpbf_2021,,0.14,0.05107868759435965,0.05114879584202041,0.12472292420228001,0.14687596300744296,0.09106467659676522
lpbf_2021,,0.3,0.2548099182770279,0.254482933282358,0.21655010608542738,0.28615351700686553,0.25133348487585244
lpbf_2021,,0.17,0.2710153092528353,0.27066001615869123,0.24620524933258756,0.2878634639920654,0.2679788508143634
luo_2011,,0.03,0.21210319977937184,0.21205111634400697,0.23850704992077076,0.16809762559961025,0.20963751561313296
luo_2011,,0.1,0.21385303494928648,0.2137933051472931,0.299997820473099,0.17845339779404681,0.2290061419643476
luo_2011,,0.35,0.2218785065146348,0.22178370729638433,0.2462237598550998,0.23646403233255078,0.2314073119764766
luo_2011,,0.38,0.22362902830244719,0.2235265797172101,0.2491638904748511,0.24751137352575356,0.23546124749772804
luo_2011,,0.4,0.22640355311365193,0.226288980509941,0.23825879697336255,0.26163221249126756,0.23705003853813955
luo_2011,,0.22,0.2173535817024056,0.2172785553374362,0.24967566080924428,0.20345234473438892,0.22289279412627072
luo_2011,,0.3,0.220127999341547,0.22004084942642035,0.25912957975578665,0.22419371752013853,0.23127634324954316
ma_2019,,0.1,0.34153236772256684,0.34162285739008075,0.253201068686377,0.386843605297146,0.3279327481293932
ma_2019,,0.22,0.34799413263162127,0.34807504435723113,0.2511868187106763,0.4458971254572408,0.3434178522547127
ma_2019,,0.38,0.35445589754067575,0.3545272313243816,0.2546211207412151,0.5080976638554455,0.3610159571677719
ma_2019,,0.45,0.36091766244973017,0.360979418291532,0.2611098340865766,0.5706708022667668,0.37950053459400795
ma_2019,,0.35,0.36737942735878465,0.36743160525868235,0.2586294894775081,0.6305103867752717,0.39503090647658745
ma_2019,,0.18,0.373841192267839,0.37388379222583285,0.2658440356528813,0.6843972845021552,0.4118467161015324
mehrabi_2024_process_map_compilation,2024.0,0.15,0.17923481368590066,0.1806237958212666,0.2259228213480793,0.0,0.15353836192408518
mehrabi_2024_process_map_compilation,2024.0,0.27,0.22134847663227877,0.22235184322973503,0.26378140762364355,0.027018420818463257,0.19119441659947412
mehrabi_2024_process_map_compilation,2024.0,0.25,0.18790988819043117,0.18928778899854626,0.2346151259846048,0.0,0.16035702578898278
mehrabi_2024_process_map_compilation,2024.0,0.21,0.21019480941216812,0.21121242343037547,0.26704951153351075,0.09939329804341152,0.20174377980845137
mehrabi_2024_process_map_compilation,2024.0,0.31,0.22134847663227877,0.22235184322973503,0.26378140762364355,0.027018420818463257,0.19119441659947412
mehrabi_2024_process_map_compilation,2024.0,0.25,0.17923481368590066,0.1806237958212666,0.2259228213480793,0.0,0.15353836192408518
mehrabi_2024_process_map_compilation,2024.0,0.33,0.1829527027592709,0.18433693575438648,0.22037598259526142,0.0,0.15401188989005582
mehrabi_2024_process_map_compilation,2024.0,0.37,0.18790988819043117,0.18928778899854626,0.2346151259846048,0.0,0.16035702578898278
miller_2013,,0.1,0.17499890879312854,0.17548141715846155,0.19561621084550154,0.11328713121685355,0.16735217679777714
miller_2013,,0.18,0.1815017972959225,0.18197359447564013,0.20836568499378844,0.1301796895665904,0.17772729452669456
miller_2013,,0.3,0.18800468579871646,0.18846577179281868,0.21158604223949457,0.1483593008198993,0.18586144798997625
miller_2013,,0.22,0.19450757430151042,0.19495794910999725,0.21247515462883274,0.16750147720996755,0.19358608846472264
miller_2013,,0.12,0.20101046280430437,0.20145012642717583,0.228876630749259,0.18720621289289197,0.2055280219318637
nakada_2014,,0.05,0.11351791407418724,0.11430466159918151,0.19416781630095867,0.0,0.11070908892812437
nakada_2014,,0.15,0.12681129643680414,0.12756846387975232,0.20174476848374864,0.1048361320878155,0.14209209812703158
nakada_2014,,0.25,0.1334579876181126,0.1342003650200377,0.20245089587409468,0.1529024051049142,0.15603746982778088
nakada_2014,,0.35,0.140104678799421,0.1408322661603231,0.20337954820169077,0.19486275954295446,0.16873381600340023
nakada_2014,,0.42,0.14675136998072943,0.14746416730060852,0.19981811111883951,0.2302578501453206,0.17883815469837
nakada_2014,,0.3,0.15339806116203789,0.15409606844089388,0.2088433603539919,0.25887789445509135,0.1908155149535899
nakada_2014,,0.08,0.16004475234334634,0.16072796958117927,0.211257958793448,0.28072720172075794,0.19959682014753322
pmc11053108_2024,,0.0,0.24196633094960104,0.24195376816400596,0.22863234271187466,0.20331068833128685,0.23016211055519148
pmc11053108_2024,,0.05,0.2479548424025868,0.2479306857287258,0.24169817630491025,0.22179312049642824,0.24069271582362622
pmc11053108_2024,,0.3,0.2539433538555725,0.2539076032934457,0.24184329205480512,0.23909036648681664,0.24755712233151378
pmc11053108_2024,,0.4,0.2599318653085582,0.25988452085816555,0.24892112892185672,0.25431428679535534,0.2558083797192206
pmc11053108_2024,,0.35,0.2659203767615439,0.2658614384228854,0.24843590413180344,0.26715756486664294,0.2615523421994309
pmc11053108_2024,,0.0,0.28987442257348683,0.2897691086817648,0.269455552089213,0.2933233682008526,0.2851930329436099
pmc11053108_2024,,0.0,0.34975953710334423,0.3495382843289633,0.27543013275434697,0.26286428849703225,0.3114598126470132
pmc11173901_2024,,0.478,0.45793187496180926,0.4577556199440769,0.3745866390632312,0.6904737595255985,0.4856813627908299
pmc11173901_2024,,0.599,0.47070579236836824,0.47050823862445035,0.3744953993695912,0.6418007601102947,0.481891055332176
pmc11173901_2024,,0.536,0.48347970977492727,0.4832608573048239,0.3606099130374869,0.5789857349778798,0.47142869452234165
pmc6266817_2018,,0.39,0.20629552596875864,0.2064885112686092,0.2899980446883765,0.21026738568929063,0.22930238269398245
pmc6266817_2018,,0.26,0.1934209227510073,0.19363528962352217,0.16000076335545882,0.19350912407421336,0.18466954695159332
pmc6266817_2018,,0.33,0.19985822435988296,0.20006190044606567,0.19000052321257066,0.2020828205624492,0.19778446462679244
pmc6266817_2018,,0.29,0.2127328275776343,0.2129151220911527,0.220134637844779,0.2182695931766667,0.21592112299609265
pmc6266817_2018,,0.21,0.21917012918651,0.21934173291369624,0.21601673112860464,0.22635393274373455,0.21992078263096476
pmc6266817_2018,,0.2,0.23204473240426132,0.23219495455878328,0.22102391685539247,0.2437290742503526,0.2316759719045598
pmc6266817_2018_HR,,0.29,0.20951179170161355,0.20969032082812536,0.3899964917954424,0.1496504934415165,0.2444028779654339
pmc6266817_2018_HR,,0.16,0.19653107485404317,0.19673106983832309,0.2599998091693069,0.10345197314600632,0.1934092090225191
pmc6266817_2018_HR,,0.19,0.20302143327782834,0.20321069533322422,0.32999809595462115,0.1277705673886723,0.22048768730236967
pmc6266817_2018_HR,,0.21,0.21989636517966987,0.22005772161996717,0.24870999805950544,0.1662555787108612,0.21605911278299234
sadeghpour_2022_partitioning,2022.0,0.08,0.2335453060669882,0.23254017787958756,0.23439561208122414,0.36411686003812305,0.26147387669649
sadeghpour_2022_partitioning,2022.0,0.29,0.2466194800436824,0.2455875652991474,0.23479511321654406,0.3934826232842219,0.27468309611950664
sadeghpour_2022_partitioning,2022.0,0.11,0.2596936540203766,0.25863495271870723,0.24421438723341649,0.4178379443607629,0.28920126960163706
sadeghpour_2022_partitioning,2022.0,0.32,0.2466194800436824,0.2455875652991474,0.23479511321654406,0.3934826232842219,0.27468309611950664
sadeghpour_2022_partitioning,2022.0,0.34,0.24661948004368234,0.24558756529914746,0.23479511321654406,0.3934826232842219,0.27468309611950664
shi_2010,,0.18,0.20714648100492347,0.20710406337789156,0.1782155170195831,0.2011692714894876,0.1982145381536291
shi_2010,,0.25,0.21233995402252998,0.21228898133335625,0.1604711011371266,0.2071890023815248,0.19752487339447544
shi_2010,,0.3,0.2149366905313332,0.21488144031108858,0.10000184972901781,0.21030248496100867,0.1835755010916253
shi_2010,,0.32,0.21753342704013645,0.21747389928882094,0.1613590773197723,0.21353826398555031,0.20182658717589994
shi_2010,,0.2,0.222726900057743,0.2226588172442856,0.18580109298648384,0.22048946344977227,0.21247782762370462
suh_2017,,0.2,0.2923764436099026,0.2923538462028063,0.2387896131687402,0.23864660820315228,0.2667102026465836
suh_2017,,0.35,0.29881686207384417,0.29878370844144125,0.23467568170188946,0.24795407118710108,0.27097454767313767
suh_2017,,0.45,0.30525728053778567,0.3052135706800762,0.22997952535506777,0.2547754291369686,0.27455264203960567
suh_2017,,0.38,0.3116976990017272,0.3116434329187112,0.23377602039313675,0.2585978045047981,0.2797313019585427
suh_2017,,0.22,0.3181381174656686,0.3180732951573462,0.22890013534907772,0.2592195501366493,0.2819340682113978
sun_2018,,0.08,0.39089385568481766,0.3875539403910968,0.21587855595727617,0.3648761562679401,0.33822789077178494
sun_2018,,0.2,0.3977486836740751,0.3943754653671106,0.23064721949928332,0.3564278202629576,0.34388635773977244
sun_2018,,0.32,0.40305561537478474,0.3996566142448246,0.2427802414458913,0.31391477091851294,0.34074701546829683
sun_2018,,0.42,0.40991553430257766,0.40648320542591676,0.24499319965390257,0.24543475507109072,0.33023431583154866
sun_2018,,0.1,0.38634028174130214,0.3829738060167289,0.21172391545046124,0.3252378940260321,0.3262581379489389
sun_2018,,0.15,0.39204448270768866,0.3886746356919198,0.22440101751429434,0.3418731572261807,0.3361442616605186
sun_2018,,0.25,0.4034528846404616,0.40007629504230136,0.23069929542169113,0.3688524263359807,0.3495363651045329
sun_2018,,0.15,0.4091570856068481,0.4057771247174922,0.23063293454415734,0.3790840388244886,0.35468538780658576
sun_2021_art,2021.0,0.184,0.20112978798761966,0.20112254370769855,0.20922586886933586,0.08971007652536903,0.17940167012870414
sun_2021_art,2021.0,0.212,0.20909960257746152,0.20906349200510366,0.18972522798797198,0.15859277250704748,0.19315563097560645
sun_2021_art,2021.0,0.336,0.22157799379633064,0.2214966870796957,0.24123753831835035,0.30061674633124114,0.24367772353980258
us20230175104_patent_trials,2023.0,0.36,0.34672973043825883,0.3464769598691263,0.31097439856293296,0.3088278070518783,0.32910277464437865
us20230175104_patent_trials,2023.0,0.4,0.349171827947465,0.34891463640205184,0.33690355076675793,0.31890634017608355,0.33938223555216535
us20230175104_patent_trials,2023.0,0.43,0.35161392545667114,0.3513523129349774,0.3444757753946021,0.32904841364984994,0.3448272576411008
us20230175104_patent_trials,2023.0,0.45,0.35068552281206944,0.3504293679580184,0.36165547661038594,0.33146386400849104,0.34939881601139494
us20230175104_patent_trials,2023.0,0.5,0.35473515603162215,0.35447260525333407,0.3788351668120816,0.35410959008375126,0.36089741373810835
us20230175104_patent_trials,2023.0,0.38,0.34672006427181434,0.34660150110988924,0.3546665894407558,0.4551052384384553,0.37200222277712325
us20230175104_patent_trials,2023.0,0.45,0.35160425929022665,0.3514768541757403,0.3667073844855586,0.46842227397096925,0.380580346181437
us20230175104_patent_trials,2023.0,0.35,0.356488454308639,0.3563522072415914,0.3893331646386466,0.4753454562994087,0.39058448935947926
us20230175104_patent_trials,2023.0,0.48,0.4375247197979447,0.4368859191834449,0.4695771297933227,0.5228241744518265,0.46409278966861833
us20230175104_patent_trials,2023.0,0.15,0.35551251139362544,0.3552005737317352,0.29322534662086003,0.3417036307657103,0.33602343525408795
us20230175104_patent_trials,2023.0,0.44,0.3452692197595254,0.3449886725978788,0.3014411564576098,0.2891353547573355,0.32159800844584713
us20230175104_patent_trials,2023.0,0.35,0.3804673723520024,0.3802469528842075,0.42176653658118013,0.48764215827720425,0.41427209372008417
us20230175104_patent_trials,2023.0,0.5,0.3799132131324243,0.379694734206072,0.4222788897837265,0.4877968259082264,0.41415192596337846
us20230175104_patent_trials,2023.0,0.53,0.38235531064163053,0.38213241073899756,0.4528267614325279,0.5013091119208063,0.4263866437869216
us20230175104_patent_trials,2023.0,0.55,0.38479740815083663,0.3845700872719231,0.4558246659349731,0.5128968280771442,0.4309332265161541
us20230272498_patent_trials,2023.0,0.3,0.3524846059885286,0.3522020626891446,0.3810953573664937,0.3969064095527924,0.3694813826167937
us20230272498_patent_trials,2023.0,0.32,0.3588107385321317,0.3585190612281299,0.41987738932071045,0.4353768440610274,0.3912615212540853
us20230272498_patent_trials,2023.0,0.35,0.34916210637274414,0.34888761745465785,0.3950254814738838,0.4239047840263357,0.37721165481535446
us20230272498_patent_trials,2023.0,0.3,0.3550056285247506,0.35471697377943273,0.3633172203416343,0.38513214579948823,0.36357798845807726
us20230272498_patent_trials,2023.0,0.2,0.3524846059885286,0.3522020626891446,0.3810953573664937,0.3969064095527924,0.3694813826167937
us20230272498_patent_trials,2023.0,0.45,0.41779179541769906,0.4173125819760412,0.4353403247737844,0.46082850381602775,0.43151903611436443
us20230272498_patent_trials,2023.0,0.46,0.4222831675945794,0.4217961670803413,0.4200298121233146,0.46360590234190996,0.43041160824462965
us20230272498_patent_trials,2023.0,0.53,0.42154109771901394,0.4210574465664665,0.4193277004631096,0.5099232645771312,0.439760374739815
us20230272498_patent_trials,2023.0,0.55,0.42669475820359026,0.42620171446358635,0.4206618708259855,0.506015449988833,0.4419620300094191
us20230272498_patent_trials,2023.0,0.52,0.4222831675945794,0.4217961670803413,0.4200298121233146,0.46360590234190996,0.43041160824462965
us20230272498_patent_trials,2023.0,0.22,0.3799795439028895,0.3797166672990803,0.4298569747552913,0.42589204561306393,0.40291725088862007
us20230272498_patent_trials,2023.0,0.3,0.3851332043874659,0.3848609351962003,0.42060969933910014,0.42520436163374487,0.4030140583880853
us20230272498_patent_trials,2023.0,0.35,0.38771003462975406,0.3874330691447603,0.41132789541176973,0.42492391848090055,0.40184582365613086
us20230272498_patent_trials,2023.0,0.4,0.3902868648720422,0.39000520309332015,0.4307448711698506,0.4247405447130292,0.40827770179732115
us20230272498_patent_trials,2023.0,0.5,0.3954405253566186,0.3951494709904401,0.47848122798618115,0.424728066886636,0.4235684545145013
us20230272498_patent_trials,2023.0,0.38,0.3851332043874659,0.3848609351962003,0.42060969933910014,0.42520436163374487,0.4030140583880853
us20230272498_patent_trials,2023.0,0.4,0.38771003462975395,0.3874330691447603,0.41132789541176973,0.4249239184809006,0.4018458236561308
us20230272498_patent_trials,2023.0,0.43,0.39028686487204217,0.3900052030933202,0.4307448711698506,0.4247405447130293,0.40827770179732115
us20230279528_patent_trials,2023.0,0.49,0.4343662719368945,0.43379189334006774,0.4744876156245136,0.33287989499984977,0.42307549745179146
us20230279528_patent_trials,2023.0,0.38,0.4343662719368945,0.43379189334006774,0.4744876156245136,0.33287989499984977,0.42307549745179146
us20230279528_patent_trials,2023.0,0.34,0.4343662719368945,0.43379189334006774,0.4744876156245136,0.33287989499984977,0.42307549745179146
us20230279528_patent_trials,2023.0,0.37,0.43712424155908475,0.43654338200420784,0.45392946584341376,0.3553957832094169,0.4239058519904876
us20230279528_patent_trials,2023.0,0.4,0.43688456164172285,0.43630480426370544,0.4695069005550187,0.3132244141781455,0.41886262064558943
us20230279528_patent_trials,2023.0,0.48,0.4394028513465512,0.43881771518734314,0.46986547821718094,0.2935410900380545,0.416053882672062
us20230279528_patent_trials,2023.0,0.48,0.44192114105137953,0.44133062611098084,0.46556801966110406,0.2739190778683478,0.4120286217734093
us20230279528_patent_trials,2023.0,0.38,0.38775772472426434,0.38749319824260525,0.3926760715692199,0.48810247791007566,0.41047990087969277
us20230279528_patent_trials,2023.0,0.42,0.392794304133921,0.3925190200898807,0.4340590008862701,0.46340529762562943,0.4187441947239464
us20230279528_patent_trials,2023.0,0.46,0.3978308835435777,0.3975448419371561,0.4732797150795354,0.4369678735419168,0.42606471593823925
us20230279528_patent_trials,2023.0,0.36,0.38775772472426434,0.38749319824260525,0.3926760715692199,0.48810247791007566,0.41047990087969277
us20230279528_patent_trials,2023.0,0.44,0.392794304133921,0.3925190200898807,0.4340590008862701,0.46340529762562943,0.4187441947239464
us20230279528_patent_trials,2023.0,0.44,0.3978308835435777,0.3975448419371561,0.4732797150795354,0.4369678735419168,0.42606471593823925
us20230279528_patent_trials,2023.0,0.55,0.3978308835435777,0.3975448419371561,0.4732797150795354,0.4369678735419168,0.42606471593823925
us20230279528_patent_trials,2023.0,0.19,0.3318630338423831,0.3315733850405135,0.26111196453741464,0.274926512248317,0.3009071876718332
us20230279528_patent_trials,2023.0,0.16,0.32430816472789803,0.3240346522696004,0.20980818905733148,0.23487979316567895,0.2748432281289192
us20230279528_patent_trials,2023.0,0.18,0.33186303384238314,0.3315733850405135,0.26111196453741464,0.274926512248317,0.3009071876718332
us20230295781_patent_trials,2023.0,0.34,0.30931640951964895,0.30909320775777765,0.20050524143918447,0.25407489673623,0.26868931819165864
us20230295781_patent_trials,2023.0,0.18,0.30757001026550107,0.30735528114178967,0.2650285176422859,0.2617678994549925,0.2864686683251678
us20230295781_patent_trials,2023.0,0.32,0.30931640951964895,0.30909320775777765,0.20050524143918447,0.25407489673623,0.26868931819165864
us20230295781_patent_trials,2023.0,0.19,0.30931640951964895,0.30909320775777765,0.20050524143918447,0.25407489673623,0.26868931819165864
us20230295781_patent_trials,2023.0,0.16,0.3010064302590674,0.30079013194759585,0.190496364250965,0.2334870273338052,0.25730272800235243
us20230295781_patent_trials,2023.0,0.18,0.30931640951964895,0.30909320775777765,0.20050524143918447,0.25407489673623,0.26868931819165864
us20230295781_patent_trials,2023.0,0.5,0.3758569807123814,0.375477593356517,0.39614066969739875,0.4704952194778306,0.40138489411805156
us20230295781_patent_trials,2023.0,0.45,0.3741105814582335,0.373739666740529,0.39783542647792625,0.49503542920701166,0.4061797018437468
us20230295781_patent_trials,2023.0,0.59,0.3758569807123814,0.375477593356517,0.39614066969739875,0.4704952194778306,0.40138489411805156
us20230295781_patent_trials,2023.0,0.58,0.3730869876255209,0.37270990141978966,0.38106883313740725,0.46616532148927264,0.39503248821843184
us20230295781_patent_trials,2023.0,0.58,0.36754700145179986,0.3671745175463351,0.37718804048031096,0.45490548212293586,0.38870679026953314
us20230295781_patent_trials,2023.0,0.57,0.36754700145179986,0.3671745175463351,0.37718804048031096,0.45490548212293586,0.38870679026953314
us20230295781_patent_trials,2023.0,0.52,0.3620070152780789,0.3616391336728806,0.37398592751177306,0.44047066714181626,0.3818802999128969
us20230295781_patent_trials,2023.0,0.39,0.36754700145179986,0.3671745175463351,0.37718804048031096,0.45490548212293586,0.38870679026953314
us20230295781_patent_trials,2023.0,0.4,0.3104815382139213,0.3102780112338609,0.30704591314792096,0.2743952650351058,0.301791929143208
us20230295781_patent_trials,2023.0,0.42,0.31253815961662823,0.31232465495882,0.2938782735350995,0.24924784112093423,0.2939985423216224
us20230295781_patent_trials,2023.0,0.45,0.3142845588707761,0.314062581574808,0.2865769462517365,0.22981953986974218,0.2888179367663597
us20230295781_patent_trials,2023.0,0.24,0.32120954158792736,0.3209818114166262,0.2986471182621843,0.23624486374748865,0.2969932381533436
us20230295781_patent_trials,2023.0,0.31,0.32536453121821807,0.3251333493217171,0.3060217802285286,0.23925750806347035,0.3017529663388557
us20230295781_patent_trials,2023.0,0.4,0.33595202238160277,0.3357251625950681,0.3087508326165138,0.2965932485610823,0.32027893766306403
us20230295781_patent_trials,2023.0,0.41,0.3359520223816027,0.33572516259506807,0.3087508326165138,0.29659324856108227,0.320278937663064
us20230295781_patent_trials,2023.0,0.4,0.36630945442004953,0.3659842820048307,0.37677394412543447,0.375991115323848,0.37106188386120925
us20230295781_patent_trials,2023.0,0.5,0.38015941985435203,0.3798227416884671,0.3901181090896633,0.38950221850498423,0.38470268481090303
us20230295782_patent_trials,2023.0,0.24,0.37087809378164727,0.37042578109909063,0.31642987782624565,0.30861521746940035,0.3430445246639392
us20230295782_patent_trials,2023.0,0.23,0.37087809378164727,0.37042578109909063,0.31642987782624565,0.30861521746940035,0.3430445246639392
us20230295782_patent_trials,2023.0,0.23,0.3669794541479363,0.36654774660985806,0.31332691844013427,0.2899399589693728,0.33619647783159357
us20230295782_patent_trials,2023.0,0.15,0.35977807862841854,0.3593238838363264,0.20254780014508436,0.34497610187196737,0.3149647643158769
us20230295782_patent_trials,2023.0,0.26,0.37087809378164727,0.37042578109909063,0.31642987782624565,0.30861521746940035,0.3430445246639392
us20230295782_patent_trials,2023.0,0.22,0.37087809378164727,0.37042578109909063,0.31642987782624565,0.30861521746940035,0.3430445246639392
us20230295782_patent_trials,2023.0,0.33,0.31195267984660746,0.31165728449784563,0.27989410008084936,0.25969921302581667,0.29221702385967846
us20230295782_patent_trials,2023.0,0.31,0.31195267984660746,0.31165728449784563,0.27989410008084936,0.25969921302581667,0.29221702385967846
us20230295782_patent_trials,2023.0,0.24,0.31195267984660746,0.31165728449784563,0.27989410008084936,0.25969921302581667,0.29221702385967846
us20230295782_patent_trials,2023.0,0.3,0.31195267984660746,0.31165728449784563,0.27989410008084936,0.25969921302581667,0.29221702385967846
us20230295782_patent_trials,2023.0,0.12,0.27313668524045914,0.2726493254529927,0.19110482329548784,0.0,0.19284321230549356
us20230295782_patent_trials,2023.0,0.18,0.2693348897774803,0.2688117458270089,0.1915935895358761,0.007860391739964279,0.1926630695273482
us20230295782_patent_trials,2023.0,0.14,0.2767948902030784,0.27627262440046185,0.1891272625799984,0.0,0.19422037186256258
wang_2023_hot_stamping,2023.0,0.0401,0.1782136497193119,0.17833180352062428,0.1810793334067285,0.13154781904080617,0.16900621632958882
wang_2023_hot_stamping,2023.0,0.307,0.20016528767266453,0.20023951938915993,0.19760200650212303,0.20972290936634133,0.20155480394523181
wang_2023_hot_stamping,2023.0,0.337,0.20016528767266453,0.20023951938915993,0.19760200650212303,0.2097229093663413,0.20155480394523181
yan_2022_cu,2022.0,0.105,0.49292661070934596,0.49264652511347784,0.3462142770435617,0.23084327145778707,0.39797265553227373
yan_2022_cu,2022.0,0.28,0.49833387294848586,0.4980444396182079,0.34690104142995587,0.22916221497490072,0.4006125887731468
yan_2022_cu,2022.0,0.44,0.5037411351876258,0.5034423541229377,0.37304434040404083,0.22733144088044796,0.4099435028591536
yan_2022_cu,2022.0,0.578,0.5091483974267657,0.5088402686276676,0.373597990897809,0.2253624605251152,0.41248661195988623
yin_2014_ufg_trip_temp,2014.0,0.193,0.19468695182241716,0.19500643512146154,0.20360301406333375,0.1331411674728143,0.18394292331138853
yu_2023_stripcast_qp,2023.0,0.154,0.19428879223255083,0.19379648204776365,0.1282000168647038,0.08138087536534275,0.15252312782786048
yu_2023_stripcast_qp,2023.0,0.265,0.19428879223255083,0.19379648204776365,0.1282000168647038,0.08138087536534275,0.15252312782786048
yu_2023_stripcast_qp,2023.0,0.318,0.19428879223255083,0.19379648204776365,0.1282000168647038,0.08138087536534275,0.15252312782786048
yu_2023_stripcast_qp,2023.0,0.166,0.19428879223255083,0.19379648204776365,0.1282000168647038,0.08138087536534275,0.15252312782786048
zhang_2024_continuous_yield,2024.0,0.2918,0.26617863834439887,0.26623535126808673,0.21574809170958342,0.25745699695310104,0.2510067407600052
zhang_2024_continuous_yield,2024.0,0.2811,0.2680361618943649,0.2680863149210754,0.22819690046723556,0.255458475974975,0.2548337949870479
zhao_2014,,0.12,0.21004225549639727,0.21023813380427328,0.21427169586816347,0.1908712627884882,0.20710425424045303
zhao_2014,,0.22,0.2152839179430515,0.2154707493327211,0.21585213930126226,0.21175903011713915,0.21472778586373198
zhao_2014,,0.33,0.2205255803897057,0.22070336486116893,0.2179927772107928,0.23226216727077265,0.2224168824606964
zhao_2014,,0.38,0.22576724283635993,0.22593598038961674,0.22051745618843047,0.25209103925534504,0.23006298669750985
zhao_2014,,0.35,0.2310089052830142,0.23116859591806457,0.2227561269467868,0.2709883208167163,0.23743402403053215
zhao_2014,,0.2,0.2362505677296684,0.2364012114465124,0.2155280518179039,0.28873535135664574,0.2420585360879225
zhao_2014,,0.05,0.2414922301763226,0.24163382697496025,0.20839164891430803,0.3051563267482408,0.24642323801241936
zhao_2018_reverse_phase,2018.0,0.0509,0.19125036984273394,0.1914697674393946,0.1844016379018437,0.18309789168111323,0.18775277051799114
zhao_2018_reverse_phase,2018.0,0.2234,0.20430634674086381,0.2045046104637942,0.2228391782757614,0.17927085160086015,0.20389039458602226
zhao_2018_reverse_phase,2018.0,0.0932,0.2108343351899288,0.211022031975994,0.22758821478714927,0.1751971077710923,0.2076750760499466
