epoch,train_loss,val_loss,train_data,train_physics,train_mono,train_bound,val_data,val_physics,val_mono,val_bound,val_mae,val_rmse,val_real_mae,val_real_rmse,val_endpoint_mae,val_real_endpoint_mae,lr,violations,nfe,skipped_batches
0,0.03155606940779234,0.01182970923504659,0.009002676650491212,0.014629429925926455,2.4988436816924685e-09,3.2412070712809743e-06,0.009874123780589019,0.01954115360110466,8.723066424445473e-09,2.9310934256240477e-06,0.05188788849277371,0.16280623219506005,0.29753801226615906,0.3565129882110445,0.2001251326947579,0.2975380006246269,0.00024995802230950575,0.0009530617107457708,1194.5806451612902,0.0
1,0.035266897926527645,0.013709446781181864,0.00957621953209802,0.015745114115200142,4.900041754254622e-09,4.209964209904214e-06,0.011358407026688968,0.02349330990442208,3.073182798890374e-09,3.4147393859841813e-06,0.05778075560522392,0.1752220585776204,0.31159812211990356,0.36512495635625625,0.21433184879000852,0.3115981202572584,0.0002498321180074353,0.0008339289969025494,1201.5483870967741,0.0
2,0.020840020339575507,0.00038952486231989624,0.005920941952706104,0.009348078078588631,2.3144756337994976e-09,3.542282077510962e-07,0.00038926417515280524,2.6068968281833804e-06,0.0,0.0,0.010328287148766128,0.024006741338849422,0.2633543014526367,0.28454296580226746,0.0373272937074115,0.2633542991243303,0.0002496223733823082,0.0,1228.0645161290322,0.0
3,0.0029582461913026147,0.000394968397033933,0.0009608878547536029,1.3086948489481367e-06,0.0,6.95202346106254e-16,0.00039484085365464646,1.275368163078383e-06,0.0,0.0,0.010291326571091828,0.024177612665433477,0.26564478874206543,0.28744686817480924,0.037270521309265066,0.26564478781074286,0.0002493289321826135,0.0,1229.8064516129032,0.0
4,0.0033733771283990673,0.00039461713874646066,0.001070399609987714,1.241152785364501e-06,0.0,2.7504980098474426e-15,0.0003944861361690398,1.310123934672447e-06,0.0,0.0,0.010292846629188345,0.024167625862266225,0.26541030406951904,0.28720983706870695,0.03725989614104958,0.2654103343375027,0.0002489519955182918,0.0,1215.2903225806451,0.0
5,0.0033835650631977667,0.0003939214366255328,0.0010731954356625437,1.3121187132656491e-06,0.0,1.3102934636542214e-15,0.00039378121852808235,1.4021364255053674e-06,0.0,0.0,0.010296482680105336,0.024146970358439487,0.2650472819805145,0.28677229004607835,0.0372514205530162,0.2650472796522081,0.0002484918217229044,0.0,1223.225806451613,0.0
6,0.0029622105498527808,0.0003931537856780259,0.0009583459956751715,1.3552282578735509e-06,0.0,0.0,0.00039300237715776475,1.5141700454738124e-06,0.0,0.0,0.010300821641280256,0.024124089051401894,0.26463478803634644,0.28627086342653024,0.03724375436976965,0.2646347866393626,0.0002479487261765844,0.0,1210.4516129032259,0.0
7,0.0030926923800800596,0.0003921304326338161,0.000999397478036342,1.4730184789773522e-06,0.0,1.3140611208508954e-15,0.00039196290267032703,1.6753351376662197e-06,0.0,0.0,0.010308398413903935,0.024093836945534495,0.26402145624160767,0.2855473931930161,0.03728362399299299,0.2640214548446238,0.0002473230810898911,0.0,1202.7096774193549,0.0
8,0.003222360024078479,0.00039035545861614604,0.0010219806563034053,1.7760710105199729e-06,0.0,5.7309360388787986e-11,0.0003901551639760977,2.0029760240244547e-06,0.0,0.0,0.0103235517915656,0.02404172821910675,0.26283055543899536,0.2840991479589313,0.037371485519128604,0.26283057127147913,0.0002466153152487153,0.0,1228.8387096774193,0.0
9,0.003925243340012046,0.00038651261170993427,0.0011489929344069452,2.2460076600568313e-06,0.0,7.077172511781341e-11,0.0003862076742474788,3.0494341964575663e-06,0.0,0.0,0.010374635430061604,0.023934447185271938,0.2589549422264099,0.27935606322658324,0.03787508373416937,0.2589549417607486,0.0002458259137204108,0.0,1243.3548387096773,0.0
10,0.003189610876894045,0.0003889098256227693,0.0010357902708253073,3.460648324635845e-06,0.0,1.2316342538915487e-10,0.0003883108729496598,5.989502954305083e-06,0.0,0.0,0.010594607628497881,0.02408151799493291,0.24971696734428406,0.26803794390109686,0.04106825910791566,0.2497169766575098,0.0002449554175213535,0.0,1248.5806451612902,0.0
11,0.003851465201155553,0.00038167465079043595,0.0011608638573482994,9.47378959659956e-06,0.0,2.498254669857251e-10,0.00038101007313733656,6.645797904119328e-06,0.0,0.0,0.010501459701774046,0.023798238367979646,0.2524731755256653,0.2709884367539809,0.0386523958590306,0.25247318809852004,0.0002440044232461562,0.0,1267.741935483871,0.0
12,0.0027427569805313985,0.0004115778221083539,0.0008982295684906985,1.0447435519997651e-05,0.0,2.916672485376823e-10,0.0004086703556822613,2.9074686705955954e-05,0.0,0.0,0.011313861513540023,0.025322312078286155,0.21684257686138153,0.2325244965517791,0.04569203289125492,0.216842585708946,0.00024297358265879174,0.0,1212.3870967741937,0.0
13,0.0030389312474477675,0.0003785207435222609,0.0009628912375774235,2.0963357775188696e-05,0.0,5.2485236191805135e-11,0.0003768143235772316,1.706413783202671e-05,0.0,0.0,0.010811330731382076,0.023760958202158036,0.2383313626050949,0.2536576447814514,0.04004958603027147,0.23833136912435293,0.00024186360224590707,0.0,1158.5806451612902,0.0
14,0.003352488107573722,0.0003845028882746452,0.0010481395368133822,2.133425215150407e-05,0.0,4.973518833098333e-10,0.00038160661850789826,2.896265868912451e-05,0.0,0.0,0.011125059751226395,0.024091156594291473,0.22261099517345428,0.23717366435793819,0.04141147001174903,0.22261100402101874,0.0002406752427326325,0.0,1195.3548387096773,0.0
15,0.0035516790061768506,0.000377663760446012,0.0010743707234430458,1.687420601023581e-05,0.0,4.5812579357336215e-10,0.0003752189326665497,2.4448285297954237e-05,0.0,0.0,0.01098129150458553,0.02379080671717312,0.2281998097896576,0.2424909474954339,0.04020082220859543,0.2281998130492866,0.00023940931856121847,0.0,1180.4516129032259,0.0
16,0.0035314386590353905,0.0003850095173610108,0.0010823146346205426,2.117815483504068e-05,0.0,1.2214197216366531e-10,0.0003817797821414258,3.2297456982632866e-05,0.0,0.0,0.011198234200589324,0.02416568403434335,0.21603471040725708,0.23143612163338248,0.04137583207736924,0.21603470924310386,0.00023806669733285782,0.0,1184.9032258064517,0.0
17,0.003096448798333445,0.00037278456771413663,0.000986438886743159,2.3507080208395153e-05,0.0,1.4775181705357774e-10,0.00037059022413034527,2.1943476050572436e-05,0.0,0.0,0.0108943409526471,0.02361679668167421,0.2299865186214447,0.24418053872950682,0.03929048291587306,0.22998652793467045,0.00023664829921307495,0.0,1175.225806451613,0.0
18,0.00314174213957402,0.0004013915895484388,0.0009993050067174819,1.7747129060896235e-05,0.0,1.3531153713075968e-10,0.00039669827258746537,4.693324132988762e-05,0.0,0.0,0.011531887260015142,0.024961449328405147,0.19527848064899445,0.21853105623533128,0.042597661273777954,0.19527847180143,0.00023515509630109066,0.0,1189.1612903225807,0.0
19,0.0033961671832648498,0.0003689419141405129,0.0010387816132166453,2.4443181587230356e-05,0.0,1.6745094740785304e-10,0.00036625385733454356,2.688055064936634e-05,0.0,0.0,0.0109987325386791,0.02357299249851111,0.21848666667938232,0.23384753319069493,0.038860738802777864,0.21848665596917272,0.00023358811196359366,0.0,1181.4193548387098,0.0
20,0.0030262497790728604,0.00037423513588562073,0.0009689131496293891,1.9649801640386407e-05,0.0,7.163609445780575e-11,0.0003709052356758288,3.329897780141826e-05,0.0,0.0,0.011180853888378483,0.023918642338641938,0.20168915390968323,0.2233196881618984,0.03944717836713631,0.20168916741386056,0.0002319484201333762,0.0,1171.741935483871,0.0
21,0.003082937910221517,0.0003840427234536037,0.0009452957442150482,1.980649644352642e-05,0.0,1.072552825253415e-10,0.00038020138578888563,3.8413385547236043e-05,0.0,0.0,0.011356621003083905,0.02440268668910844,0.20115871727466583,0.22039501660449842,0.04130850271822861,0.20115872658789158,0.00023023714457331434,0.0,1168.6451612903227,0.0
22,0.003315467049457854,0.0003605647091587473,0.0010195810304609158,2.033572927977671e-05,0.0,3.3687430166449225e-10,0.00035899924945884516,1.565459975998757e-05,0.0,0.0,0.010687048734630953,0.023279944569739947,0.22837449610233307,0.24250996564267677,0.036914401991245675,0.22837449656799436,0.00022845545810619682,0.0,1190.1290322580646,0.0
23,0.0034098307275393556,0.0003622426905037303,0.0010783202606328432,1.775975578121072e-05,0.0,1.469502545221124e-10,0.00036043525947856585,1.8074325550644842e-05,0.0,0.0,0.010779603799035198,0.023359751757040796,0.2238888442516327,0.23833632223604834,0.037779837237417555,0.22388883074745536,0.00022660458181093096,0.0,1194.3870967741937,0.0
24,0.0026683539636583337,0.00036571736356043924,0.0008842457318678498,2.212290803893871e-05,0.0,2.7020872636170674e-10,0.0003625448942849679,3.1724711529282755e-05,0.0,0.0,0.011122322406518538,0.023665508203411175,0.20157985389232635,0.22103317866595623,0.03845539851750754,0.20157984923571348,0.00022468578418567621,0.0,1176.0,0.0
25,0.003035047234246327,0.0003570210766546162,0.0009596907165682604,2.2729396820772485e-05,0.0,9.63135565876766e-11,0.0003548020280764571,2.2190518588364023e-05,0.0,0.0,0.0108616135337136,0.023294326085173088,0.208572119474411,0.22770872871373907,0.03688209602694746,0.20857212180271745,0.00022270038027847884,0.0,1187.032258064516,0.0
26,0.0026741881212670234,0.00036347959498276135,0.0008858902672786385,1.7310341993306204e-05,0.0,1.8751561129347029e-10,0.00036075920382115455,2.720390615909959e-05,0.0,0.0,0.011025959739309667,0.023594422992998722,0.20026487112045288,0.2213615874374245,0.03806106198823692,0.20026487903669477,0.00022064973078600369,0.0,1182.774193548387,0.0
27,0.002900587364790901,0.00035833558026102504,0.0009154380156448292,1.894040362472996e-05,0.0,2.420264312587286e-10,0.0003566312079783529,1.704373549468333e-05,0.0,0.0,0.010721336711536755,0.02323185231856085,0.22296899557113647,0.23770830969903703,0.036849062130904366,0.22296899324283004,0.0002185352411209807,0.0,1189.3548387096773,0.0
28,0.0027042928024105005,0.00035384882565787327,0.000873571844779015,2.211604472053765e-05,0.0,3.494218576309236e-10,0.0003521031779070784,1.745645467313547e-05,0.0,0.0,0.010714505024903717,0.02313340100590381,0.21774297952651978,0.23383569658627756,0.03614561914251174,0.2177429785951972,0.0002163583604490051,0.0,1181.4193548387098,0.0
29,0.0025398068377868303,0.0003522404211772872,0.0008462960625277652,1.7851641264461514e-05,0.0,5.898230700301545e-10,0.00035047892846965363,1.7614901383110138e-05,0.0,0.0,0.01071780981476774,0.02310932217383268,0.21395690739154816,0.2314120160066411,0.03591738474743936,0.2139568948186934,0.00021412058069535196,0.0,1167.2903225806451,0.0
30,0.0028783469723777906,0.0003531402804323339,0.0009303663729599887,1.840817955942311e-05,0.0,4.0422076021064516e-10,0.00035099212462747734,2.1481570846455205e-05,0.0,0.0,0.010819975471764718,0.023179080300686335,0.2061956226825714,0.22669017417114998,0.036071597749538296,0.20619561057537794,0.00021182343552248473,0.0,1186.4516129032259,0.0
31,0.002571360591138082,0.00037531442649196833,0.0008256580584847759,1.263929442713209e-05,0.0,2.0489457017248297e-10,0.00037157449488794167,3.739933312577445e-05,0.0,0.0,0.011283368123616699,0.024042534038036426,0.1968325972557068,0.21782247564275314,0.039740077802716885,0.19683259539306164,0.00020946849927896,0.0,1174.258064516129,0.0
32,0.0034322029753257673,0.00040063999767880887,0.0010399910688941036,1.668822160501159e-05,0.0,4.379247124042027e-10,0.00039611999610705037,4.519999694301597e-05,0.0,0.0,0.0115368344455315,0.025069207056043156,0.19089041650295258,0.2159789870028262,0.042592375887015574,0.19089042395353317,0.0002070573859204474,0.0,1192.258064516129,0.0
33,0.0036623537420265137,0.0003604853804323024,0.0011083787446090532,1.850871600224984e-05,0.0,1.8081205968205475e-10,0.0003590136766433716,1.4717085183032655e-05,0.0,0.0,0.010669040087795525,0.023272998872968326,0.22812461853027344,0.24202025699462026,0.037126846501715716,0.22812461713328958,0.000204591747903605,0.0,1188.774193548387,0.0
34,0.0030157283932391193,0.00035924306679849645,0.0009594001411084807,1.7596129304541635e-05,0.0,5.581417806651305e-10,0.00035752808824846786,1.714978796891436e-05,0.0,0.0,0.010741718315921772,0.023276778119454344,0.22111505270004272,0.23568170588615994,0.037244695887894995,0.22111505176872015,0.00020207327505356818,0.0,1193.6129032258063,0.0
35,0.0031925995849193104,0.00035959686751344373,0.0010018005935219867,8.302554478647043e-06,0.0,9.158985542282236e-11,0.0003578080650186166,1.7888028488804203e-05,0.0,0.0,0.010768825692781914,0.023300593400490767,0.21912896633148193,0.2341077234255378,0.03741977418716879,0.21912897797301412,0.00019950369340582786,0.0,1189.1612903225807,0.0
36,0.0031080966620075125,0.0003779871372639069,0.0009671468682016336,2.1256790821479947e-05,0.0,9.367506754670772e-10,0.0003744565266450601,3.5306099886968567e-05,0.0,0.0,0.011270819083484625,0.02416717462259132,0.19496512413024902,0.21694522799336002,0.04019534293358815,0.19496511854231358,0.00019688476402329193,0.0,1208.3225806451612,0.0
37,0.0029189667641936292,0.00035706231262468336,0.0009194362641973121,2.0643373831731997e-05,0.0,2.0436139071311835e-10,0.0003550671930757484,1.9951186394402093e-05,0.0,0.0,0.010796983999522244,0.023229958366238482,0.21684330701828003,0.2323456967957854,0.036991982927097926,0.21684330375865102,0.00019421828178934074,0.0,1178.7096774193549,0.0
38,0.0030866023378386615,0.0003687014042433085,0.0009698035325028843,1.994215643853456e-05,0.0,1.545895036405552e-10,0.00036521827236616185,3.4831297983016286e-05,0.0,0.0,0.01120399171879276,0.023811881290999544,0.19657465815544128,0.2176005956254198,0.038876177545613316,0.19657465629279613,0.00019150607417770364,0.0,1197.0967741935483,0.0
39,0.0030364859924321215,0.0003866750526607835,0.0009382473090813766,1.918926188644095e-05,0.0,8.89009603220434e-11,0.0003824443431637649,4.230702909678387e-05,0.0,0.0,0.011422826960026491,0.024527282175801336,0.1952577382326126,0.2194072352741625,0.04104142364179362,0.19525774009525776,0.0001887499999999999,0.0,1188.1935483870968,0.0
40,0.0029252936853276144,0.0003535356081556529,0.0009458677828191749,1.2867372165161331e-05,0.0,7.572428990775448e-11,0.0003520205999458475,1.515009054336198e-05,0.0,0.0,0.01063714361458933,0.0230862122943475,0.22325623035430908,0.23836180622882674,0.036009716271581955,0.2232562261633575,0.00018595194813180195,0.0,1181.4193548387098,0.0
41,0.003246184299519706,0.00035885341016442647,0.0010237404719866331,2.4444086871851816e-05,0.0,1.9312840345481854e-10,0.000357373505331842,1.4798976508245687e-05,0.0,0.0,0.010642457254154166,0.02320066826191167,0.23026731610298157,0.24438776096333767,0.03674984745802122,0.23026731051504612,0.00018311383621809438,0.0,1182.5806451612902,0.0
42,0.003147131909856633,0.00035852440799187334,0.0009703096077446976,1.5717676374591855e-05,0.0,5.079859445275827e-10,0.0003563395730452612,2.1848346087998444e-05,0.0,0.0,0.010864075255818532,0.023307504584866953,0.21060556173324585,0.22809367879335185,0.0373473314721656,0.21060555754229426,0.00018023760935901608,0.0,1199.6129032258063,0.0
43,0.0026480886135100117,0.0003509860585576722,0.0008671513360534464,1.9098710400876663e-05,0.0,3.201960222871255e-10,0.00034911542440698085,1.8706382174319254e-05,0.0,0.0,0.010730789717716264,0.023068098511574212,0.21224039793014526,0.22997374636145318,0.035855092458232436,0.2122404002584517,0.00017732523877678544,0.0,1185.6774193548388,0.0
44,0.0030413127181330517,0.0003554472267361624,0.0009733646847082362,1.973769674863903e-05,0.0,1.8035051801644379e-10,0.00035377429074807357,1.672937553718969e-05,0.0,0.0,0.010704749414824724,0.023154659044375896,0.2206244021654129,0.23565322094801663,0.036672118783757514,0.22062439797446132,0.0001743787204647234,0.0,1188.774193548387,0.0
45,0.003155388899387852,0.00036694321066274175,0.0009888854185720124,1.6914305330916953e-05,0.0,6.195075456212125e-10,0.00036396566429175436,2.9775515680999627e-05,0.0,0.0,0.011106156308514668,0.02374111368760116,0.19728398323059082,0.21859943794228837,0.03872253107352041,0.19728397717699409,0.00017140007381929922,0.0,1188.0,0.0
46,0.002916801953688264,0.0003763317654374987,0.0009254740697572068,1.9300581371798245e-05,0.0,6.104807331695727e-10,0.0003726538915153859,3.6778769364380946e-05,0.0,0.0,0.011288237716957243,0.024166679166604168,0.19343507289886475,0.2167296692064595,0.0398691135607483,0.19343507243320346,0.00016839134025613685,0.0,1192.0645161290322,0.0
47,0.0029153145752066085,0.0003603013777007748,0.0009300026839839354,2.459628935243487e-05,0.0,3.102869122514894e-10,0.0003576479502953589,2.6534259242388153e-05,0.0,0.0,0.011013015867285116,0.023571179428461868,0.19728676974773407,0.21853063858439828,0.03785655295470423,0.19728678138926625,0.000165354581810931,0.0,1206.967741935484,0.0
48,0.0031913211456530035,0.0003485105179216979,0.0009820933769186658,2.2202846982890472e-05,0.0,9.044125060824437e-10,0.0003464768212454926,2.0337024514966678e-05,0.0,0.0,0.010789362146347174,0.023127653133580457,0.20049737393856049,0.22160362417525187,0.035752052017576,0.20049737859517336,0.00016229187972623048,0.0,1200.1935483870968,0.0
49,0.003311348478159597,0.00035017882640074404,0.0010264198231931415,1.7156396944712116e-05,0.0,6.490979438532643e-11,0.0003482527972664684,1.926032541632594e-05,0.0,0.0,0.01077132461891067,0.02314159476400687,0.20390793681144714,0.22421634951911482,0.036055598099262134,0.20390794286504388,0.00015920533302505872,0.0,1205.6129032258063,0.0
50,0.0027357372549182226,0.000348038665833883,0.000874973495580977,1.75329057400074e-05,0.0,3.823546769789695e-10,0.0003463319527717041,1.7067092195637607e-05,0.0,0.0,0.010690238281400156,0.023025886977794237,0.20899298787117004,0.2275396600805466,0.03560108665297326,0.20899298274889588,0.00015609705707234835,0.0,1184.516129032258,0.0
51,0.0031824634605718237,0.000354982927092351,0.0009902210938068287,1.735285796976607e-05,0.0,5.383964313803026e-10,0.00035231873958504627,2.6641889430071126e-05,0.0,0.0,0.010976141484518864,0.023443545563126385,0.1953968107700348,0.2170888978814829,0.03692595835751559,0.19539681682363153,0.0001529691821251754,0.0,1207.3548387096773,0.0
52,0.003286639115803184,0.00036285344685893506,0.0010071047713168927,1.620011715335896e-05,0.0,5.611385460513766e-10,0.00035972768715250174,3.1257581472995556e-05,0.0,0.0,0.01111440347977185,0.023732889843528112,0.19325125217437744,0.21573630376553,0.03811164165455023,0.19325125310570002,0.000149823851872788,0.0,1207.5483870967741,0.0
53,0.0029898650696380965,0.00036262921431833614,0.000939630676105979,1.7217341594239827e-05,0.0,2.776523225350541e-10,0.00035952885601935644,3.1003591305177126e-05,0.0,0.0,0.011113327021004446,0.023790309586712195,0.19190746545791626,0.2152072865216651,0.038064003875626466,0.19190746871754527,0.0001466632219674282,0.0,1213.1612903225807,0.0
54,0.0030956198649120426,0.0003660341795434111,0.0009710262858143617,2.1687846543177477e-05,0.0,4.002785391699358e-10,0.0003629088127386889,3.1253659861769325e-05,0.0,0.0,0.011140406355191975,0.02396501901362177,0.19052821397781372,0.21474727718760978,0.038530161407558085,0.19052823120728135,0.00014348945854695622,0.0,1193.4193548387098,0.0
55,0.0036538259235150633,0.00034993187208393853,0.0010896014554741523,1.9121073041934587e-05,0.0,8.765900111519554e-10,0.00034781858058912415,2.1132943142479883e-05,0.0,0.0,0.010817995390941188,0.023193514047258508,0.1988462507724762,0.22102053781431452,0.03603247882609692,0.19884623866528273,0.00014030473675028746,0.0,1219.9354838709678,0.0
56,0.0031737806237933618,0.00034903637216692526,0.0009838857344396774,2.0335728014552225e-05,0.0,4.1611498386780414e-10,0.0003470903175184503,1.946054180734791e-05,0.0,0.0,0.010756443176966687,0.02308136314350122,0.20773975551128387,0.22569474572789225,0.03601524649008142,0.2077397583052516,0.00013711123922666092,0.0,1218.0,0.0
57,0.002680486225853524,0.00034988802508451045,0.0008708175455760811,2.187141623996849e-05,0.0,0.0,0.00034716727012502294,2.7207594355007003e-05,0.0,0.0,0.010943327870677316,0.023274801719389695,0.19389474391937256,0.21623926364839463,0.03602970904991903,0.19389474391937256,0.0001339111546397605,0.0,1189.5483870967741,0.0
58,0.0034446306338894272,0.0003485151953230213,0.0010427378029787852,2.294347315191478e-05,0.0,3.548285575189044e-10,0.0003466128172086818,1.9023807518741315e-05,0.0,0.0,0.010740422152310972,0.02306207071947603,0.2078976333141327,0.2257701154953066,0.03591716880733265,0.20789762772619724,0.00013070667616771437,0.0,1216.8387096774193,0.0
59,0.0028980781113909135,0.00034710362628434917,0.0009008428352254052,2.2025748069521093e-05,0.0,2.738441371065481e-10,0.000344587246737709,2.516375876179414e-05,0.0,0.0,0.010880796844532473,0.023155142304335727,0.19530081748962402,0.21699391251916156,0.03564202856814748,0.1953008291311562,0.00012749999999999995,0.0,1211.032258064516,0.0
60,0.0026790694025675614,0.0003617093337067802,0.0008707265763904058,1.7905997321665176e-05,0.0,2.763941414450588e-10,0.00035841945957924636,3.28988280671183e-05,0.0,0.0,0.011127601467568738,0.02377214219277544,0.18925942480564117,0.21412449864731334,0.03764660600528616,0.1892594234086573,0.0001242933238322855,0.0,1210.4516129032259,0.0
61,0.0032256856305344452,0.00034954769528537454,0.001009096447829037,2.438260379412602e-05,0.0,9.798768545703133e-10,0.0003472778002365625,2.2698919565300457e-05,0.0,0.0,0.01083868378886801,0.023178407219316605,0.1985987424850464,0.22016793743216095,0.03598180399909969,0.19859874481335282,0.00012108884536023933,0.0,1220.7096774193549,0.0
62,0.0028528958453886933,0.0003465140762273222,0.0009106216631123736,2.020035236132718e-05,0.0,4.24645800399961e-10,0.0003443810876758237,2.1329873691554114e-05,0.0,0.0,0.010786325046696613,0.023080373102425677,0.19860711693763733,0.22030603926904846,0.035477845309172536,0.1986071220599115,0.00011788876077333895,0.0,1210.0645161290322,0.0
63,0.002687017476531647,0.00035347449426938383,0.0008485615901243423,1.8338020518351713e-05,0.0,4.5757577016911037e-10,0.00035047848151797164,2.9960149277030723e-05,0.0,0.0,0.011006309478888471,0.023490755282819135,0.1891530454158783,0.21493316870316093,0.03626981683744448,0.1891530491411686,0.0001146952632497124,0.0,1203.483870967742,0.0
64,0.002907671146996079,0.0003457450449267136,0.0009212897547836145,2.007511600074776e-05,0.0,6.357139749154417e-10,0.00034329718411234874,2.447855818640424e-05,0.0,0.0,0.010854083182326855,0.023135318104808,0.19350218772888184,0.21590980987109712,0.03536250014255955,0.19350218679755926,0.00011151054145304365,0.0,1221.0967741935483,0.0
65,0.002892249699441656,0.0003453882589902995,0.0009215896716341376,1.718392384704672e-05,0.0,9.360833436145848e-11,0.00034325126658326814,2.136993199591026e-05,0.0,0.0,0.010777943862747006,0.023078683959523172,0.1956338733434677,0.2190876381608827,0.03516164803995362,0.195633877068758,0.00010833677803257167,0.0,1221.483870967742,0.0
66,0.0033398962677306226,0.0003562218542875988,0.001049159049627281,1.78547960338678e-05,0.0,6.325649672526027e-10,0.0003532142935520304,3.0075573119704912e-05,0.0,0.0,0.011032259173782049,0.02363903318019701,0.18874722719192505,0.21400562143295607,0.0368310749527845,0.1887472248636186,0.00010517614812721191,0.0,1231.1612903225807,0.0
67,0.003005193591478371,0.0003534223526782755,0.0009411203218699102,2.1798751518989804e-05,0.0,4.104279381878533e-11,0.0003504909192478018,2.9314315660095807e-05,0.0,0.0,0.010996489906936689,0.023531913969388887,0.18865041434764862,0.21394973624940408,0.03639448818063976,0.1886504190042615,0.00010203081787482442,0.0,1222.258064516129,0.0
68,0.003056965039802655,0.00034474042435509285,0.00096613323811682,1.6895598117762055e-05,0.0,2.0911885200845452e-10,0.0003425097716639617,2.230656056261588e-05,0.0,0.0,0.010804210350462065,0.0231425172392319,0.19218412041664124,0.215556039010472,0.03515885864853081,0.19218412833288312,9.890294292765155e-05,0.0,1224.1935483870968,0.0
69,0.0032953495786885822,0.00036014869900619876,0.0010021945251332176,1.59917361477182e-05,0.0,1.4349984628178856e-10,0.00035699058415567767,3.158114278838704e-05,0.0,0.0,0.011077497423309641,0.023879105985781492,0.18465471267700195,0.21294370042133529,0.03714542769859368,0.18465471686795354,9.579466697494118e-05,0.0,1217.6129032258063,0.0
70,0.002867699645820164,0.00034688097366597503,0.0009146428971190847,1.521024641474909e-05,0.0,7.704160605841305e-10,0.00034516162954137793,1.719342880538274e-05,0.0,0.0,0.010678704140224296,0.023015502896349793,0.2100771963596344,0.226638172929314,0.035666384109402004,0.21007720846682787,9.270812027376943e-05,0.0,1201.9354838709678,0.0
71,0.0031316677228577674,0.00034374148526694626,0.0009729864710431186,1.8920327552369863e-05,0.0,2.1464355753416134e-10,0.0003416129579168877,2.1285230884261962e-05,0.0,0.0,0.010766652609102059,0.023056921822437813,0.19383284449577332,0.2176688075499478,0.034877539734662615,0.19383285474032164,8.96454181890689e-05,0.0,1235.6129032258063,0.0
72,0.003969898759087007,0.00036149355998661904,0.0011600212141450856,1.9501173853548665e-05,0.0,6.991906528787981e-10,0.00035817534080706537,3.3182211024853e-05,0.0,0.0,0.011100480739715061,0.023996806801954318,0.18533095717430115,0.2139225892374131,0.03716530790552497,0.18533096322789788,8.660865974386302e-05,0.0,1240.0645161290322,0.0
73,0.0025687830376198454,0.0003447460538674412,0.000851519033125031,1.6044320083833995e-05,0.0,6.624787019699616e-10,0.0003425071606346007,2.238899956604915e-05,0.0,0.0,0.010807760318194803,0.023184868279961426,0.1906905174255371,0.2148119296004464,0.035187474323754915,0.19069052720442414,8.359992618070068e-05,0.0,1230.1935483870968,0.0
74,0.0027631452953022335,0.0003455136798688078,0.0009021045726483628,1.759900108173761e-05,0.0,4.568180714987211e-10,0.0003431985408367057,2.3151345171105015e-05,0.0,0.0,0.010828034164979286,0.023264996287392713,0.1892150342464447,0.21381901934535585,0.03524361091777918,0.18921502539888024,8.062127953527646e-05,0.0,1225.3548387096773,0.0
75,0.002730460229119466,0.0003423006398536797,0.0008807165506896713,1.7366513757664388e-05,0.0,3.4178802074054056e-10,0.00034021590129538836,2.0847442426332107e-05,0.0,0.0,0.010751807980148615,0.02305939141369109,0.19297043979167938,0.21624915208264414,0.034700820103871245,0.1929704388603568,7.767476122321446e-05,0.0,1217.225806451613,0.0
76,0.0029144810527683266,0.0003434836814579155,0.0009053148190310646,1.9533257720409423e-05,0.0,2.1995979477908e-10,0.00034127399807662835,2.2096839594658896e-05,0.0,0.0,0.010779916960833334,0.02305660595005694,0.19346444308757782,0.21730551463560643,0.03488938233968389,0.19346444262191653,7.476239064098383e-05,0.0,1234.258064516129,0.0
77,0.0023934028577059507,0.00034157513333151916,0.0007969289698878363,1.9326083980969644e-05,0.0,1.5298195147948488e-10,0.0003394855760104422,2.0895567299053903e-05,0.0,0.0,0.010734688487137828,0.022969381258068848,0.19434265792369843,0.21814292730205742,0.03437606561147973,0.1943426695652306,7.188616378190549e-05,0.0,1217.4193548387098,0.0
78,0.0030437191599048674,0.0003426037583267316,0.0009622512011593508,1.645318463723074e-05,0.0,9.517529137864617e-11,0.00034026336548517326,2.3403921659337357e-05,0.0,0.0,0.010803670892116615,0.023060700674302676,0.1914275586605072,0.21524357438548428,0.03470912300082678,0.19142755726352334,6.904805186819792e-05,0.0,1240.0645161290322,0.0
79,0.0035379215278812954,0.0003461650381463447,0.0010658625706714848,2.076287368283609e-05,0.0,1.9032025953824322e-10,0.0003434777318034321,2.6873049656777376e-05,0.0,0.0,0.010895136426069409,0.02324384982453189,0.18925508856773376,0.21365734587931348,0.035290465713773346,0.1892550908960402,6.624999999999998e-05,0.0,1238.516129032258,0.0
80,0.0031978255550887797,0.0003455303501271244,0.0009765214898863867,1.8666224421746934e-05,0.0,4.4897711256958367e-10,0.0003428307910715895,2.6995623946796904e-05,0.0,0.0,0.010891943751033936,0.023228759199070217,0.18890532851219177,0.2134432313800228,0.03513826556500826,0.18890532664954662,6.349392582229624e-05,0.0,1225.741935483871,0.0
81,0.002542953038843529,0.0003399681507809354,0.0008371287455496889,2.414882366550838e-05,0.0,1.7013817848136746e-10,0.00033802544723065305,1.9427054082500816e-05,0.0,0.0,0.010689787196576763,0.022876248099169882,0.19705821573734283,0.2195120039407775,0.03402979623104882,0.19705822272226214,6.078171821065919e-05,0.0,1204.0645161290322,0.0
82,0.003463728114917514,0.0003406382810291169,0.0010577246073573347,2.307339665578418e-05,0.0,5.868232681435846e-10,0.00033851249151796637,2.1257908234214744e-05,0.0,0.0,0.010737733910211137,0.02295595914542335,0.19370174407958984,0.21702313000818485,0.03424130913306358,0.19370175385847688,5.811523597670792e-05,0.0,1216.8387096774193,0.0
83,0.002926152552508058,0.0003402163544836055,0.0009070497556334181,1.843829338741348e-05,0.0,5.419189408381279e-10,0.0003383432028515797,1.873149462231335e-05,0.0,0.0,0.01067351680441001,0.022869118651131788,0.19932207465171814,0.2207132691609283,0.03409712465444603,0.19932207372039557,5.5496306594172026e-05,0.0,1212.0,0.0
84,0.003005651494247779,0.00034445458939964216,0.000955896450191616,1.8012279071861543e-05,0.0,3.2366450845977143e-10,0.00034184712317905257,2.6074626085963765e-05,0.0,0.0,0.010861412989501095,0.023201799961951656,0.18908408284187317,0.21375196653989573,0.03485195231447114,0.18908407958224416,5.2926724946431696e-05,0.0,1217.8064516129032,0.0
85,0.0028902121853353756,0.00034031194601474065,0.0009282204207979262,2.108720402079158e-05,0.0,6.718395714307739e-10,0.00033822100210402695,2.090942832312846e-05,0.0,0.0,0.010729565001472537,0.022965640893261516,0.19291970133781433,0.2164438311449217,0.03415666232725511,0.19291969761252403,5.040825209639491e-05,0.0,1227.6774193548388,0.0
86,0.003034176443883729,0.00034997847978957,0.0009640990287035463,1.615498441028209e-05,0.0,1.2756071357126374e-10,0.0003470865132320406,2.8919629000613766e-05,0.0,0.0,0.010946654725990903,0.023501016057326587,0.18533991277217865,0.21283982046933264,0.03554836864718767,0.18533991603180766,4.7942614079552497e-05,0.0,1212.774193548387,0.0
87,0.0033121910115193214,0.00034561244787515273,0.0010220510772459448,2.3175276004211254e-05,0.0,6.351912741306689e-10,0.00034426274734349657,1.3496987321559573e-05,0.0,0.0,0.010554968696279624,0.022908607015608977,0.2172597050666809,0.2323304725886001,0.03474419992903389,0.21725971344858408,4.553150072103989e-05,0.0,1228.4516129032259,0.0
88,0.003144835934959232,0.00034718199666323405,0.0009837796472223295,1.6495450792365686e-05,0.0,4.400607454880138e-10,0.00034449748636689037,2.684513856365811e-05,0.0,0.0,0.01089775657251603,0.02333111169795114,0.18857720494270325,0.2132465117673464,0.035459016006192355,0.18857721239328384,4.31765644775151e-05,0.0,1222.258064516129,0.0
89,0.002929476521638853,0.0003417948547783973,0.0009227520147819192,1.6809533558297253e-05,0.0,5.65776932864232e-10,0.0003396470897964069,2.1477646636672682e-05,0.0,0.0,0.010752242585712208,0.023036182868874416,0.19237947463989258,0.21626642991643727,0.03451001718330869,0.19237946812063456,4.0879419304647914e-05,0.0,1217.8064516129032,0.0
90,0.0026028708389569674,0.0003420748232331659,0.0008561358159978784,2.1143595646325622e-05,0.0,4.3980295472407333e-10,0.0003398383123567328,2.236517769103687e-05,0.0,0.0,0.010773919627503356,0.023075690139373644,0.19119997322559357,0.21507592227471556,0.03457152688451394,0.19119997462257743,3.864163955099475e-05,0.0,1236.774193548387,0.0
91,0.0028792898069256016,0.000340733169910631,0.0008910251668684425,1.8557959063606e-05,0.0,3.9124350410410067e-10,0.0003386463920053627,2.0867835701210424e-05,0.0,0.0,0.010734378286020266,0.023036371181659653,0.19140399992465973,0.21513890885646533,0.03423382808407179,0.19140399992465973,3.646475887901922e-05,0.0,1219.741935483871,0.0
92,0.0026976588903175245,0.0003396882280607575,0.0008634357551683581,1.6073463352621466e-05,0.0,1.549406734400306e-11,0.000337650571184765,2.0376534848765004e-05,0.0,0.0,0.010717968350833225,0.022964153349210824,0.192990243434906,0.21578899864078993,0.03404593756319248,0.19299023877829313,3.43502692139962e-05,0.0,1213.1612903225807,0.0
93,0.002680538515109689,0.00034604192478582263,0.000846978884393109,1.9096495297191957e-05,0.0,7.372939803487833e-11,0.000343494356327158,2.5475685171321466e-05,0.0,0.0,0.010864536060612115,0.023298069353264568,0.18813692033290863,0.2132744347877288,0.03524131198263362,0.18813692359253764,3.229961972152105e-05,0.0,1219.1612903225807,0.0
94,0.0025459477084598713,0.0003411459349860836,0.000851179841124723,2.039296694625415e-05,0.0,6.228866222096439e-10,0.0003390144639914589,2.1314748924591447e-05,0.0,0.0,0.010747942951313223,0.02302017922084649,0.19234322011470795,0.21569708503797036,0.03448512991359811,0.19234321918338537,3.031421581432367e-05,0.0,1208.516129032258,0.0
95,0.0028429334540100346,0.0003417324270620676,0.0009216343122158921,2.0951675416595648e-05,0.0,2.725779793718179e-10,0.0003394718348447766,2.2605956863636883e-05,0.0,0.0,0.010778943734852756,0.023061648261604055,0.1912183165550232,0.2147332774419242,0.03459020607583107,0.19121832866221666,2.839541818906894e-05,0.0,1217.032258064516,0.0
96,0.0025483983129473225,0.0003413790400372818,0.0008264118608372707,1.3867072495134292e-05,0.0,3.093832882168718e-10,0.0003391942217214299,2.184818679649782e-05,0.0,0.0,0.010759922200089431,0.023037682735617418,0.1920461356639862,0.21536852296011177,0.03452950017895149,0.19204613519832492,2.6544541893803093e-05,0.0,1213.5483870967741,0.0
97,0.003144554331928732,0.00034107829144756707,0.0009818504594506757,1.4916911467363178e-05,0.0,1.0900773945457615e-10,0.0003389153550545286,2.162939264443204e-05,0.0,0.0,0.010748789817681353,0.023005180752414225,0.19264981150627136,0.21615012674012485,0.03441181290847591,0.19264981988817453,2.476285542668556e-05,0.0,1220.516129032258,0.0
98,0.003185455007628808,0.000346452189010701,0.0009795293848465889,1.9245087239669962e-05,0.0,2.12183784394392e-10,0.0003437521206381332,2.700065722040433e-05,0.0,0.0,0.010889226181437842,0.02332906409954063,0.1874953806400299,0.21310807418174513,0.035181486447889924,0.18749538762494922,2.3051579866623702e-05,0.0,1212.774193548387,0.0
99,0.002979594087528606,0.00034450654597354254,0.0009422498856550983,2.0876592356539584e-05,0.0,4.3277079469587177e-10,0.0003420116679210748,2.4948803781756267e-05,0.0,0.0,0.010836627512416108,0.023257153603985364,0.18805323541164398,0.21339246239799523,0.034798897620101896,0.1880532307550311,2.1411888036406253e-05,0.0,1225.9354838709678,0.0
100,0.0031169008786579772,0.00034065914639670936,0.0009635521067051036,2.3078836523294036e-05,0.0,3.2027528927554076e-10,0.00033851194478172274,2.147195183559753e-05,0.0,0.0,0.010744082838324821,0.02302670742214714,0.19176846742630005,0.21513037202523547,0.03426558470288645,0.19176847906783223,1.9844903698909252e-05,0.0,1210.258064516129,0.0
101,0.003448050071094786,0.00034011018371009935,0.0010447108295686062,2.3154140256836753e-05,0.0,4.423463651071094e-10,0.0003381770470046571,1.9331349968914374e-05,0.0,0.0,0.01068512060537222,0.02292333778723498,0.19496197998523712,0.21857742757165813,0.03401495478649423,0.19496197905391455,1.8351700786924944e-05,0.0,1229.032258064516,0.0
102,0.0024082469660037706,0.000343464470850969,0.0007929485356960927,1.7744257214021232e-05,0.0,6.60514037729942e-10,0.0003410245241996433,2.4399524071278783e-05,0.0,0.0,0.010820969534233114,0.023168373677442587,0.1898527890443802,0.21388190580262875,0.03480278229329122,0.1898527955636382,1.69333026671421e-05,0.0,1212.5806451612902,0.0
103,0.002804634123740177,0.00034192129221212653,0.000890984030951175,1.6763114045246647e-05,0.0,2.9545472301238586e-10,0.0003396285049218152,2.292791753331715e-05,0.0,0.0,0.010781408026604978,0.02308074635819271,0.19114293158054352,0.21470631625246328,0.034549214012178156,0.1911429320462048,1.559068143878138e-05,0.0,1226.3225806451612,0.0
104,0.0029704167522610196,0.0003432624258234033,0.0009323794623806832,1.9817530466254185e-05,0.0,7.601537067134891e-11,0.00034083861308837574,2.4238101624567726e-05,0.0,0.0,0.010816357911135844,0.02315664185383759,0.19002282619476318,0.2140000248673906,0.03477628566501544,0.19002283504232764,1.4324757267367377e-05,0.0,1218.3870967741937,0.0
105,0.0030928437350197665,0.00034055421877253266,0.0009867782242626191,2.7236345281087252e-05,0.0,7.151786215930917e-11,0.0003384690415779395,2.0851760252428774e-05,0.0,0.0,0.01072478517820149,0.02298563976142747,0.1930018663406372,0.21658633722948775,0.034206739247369854,0.19300186820328236,1.313639775409279e-05,0.0,1234.0645161290322,0.0
106,0.002799730139574216,0.0003405677271075547,0.0008975023172810793,1.9462047816887207e-05,0.0,3.6778661374771267e-11,0.00033849575889429877,2.07196172336158e-05,0.0,0.0,0.010721173371348073,0.022979865641303276,0.19313830137252808,0.21685562540574502,0.03419131278708766,0.19313828786835074,1.2026417341208158e-05,0.0,1209.483870967742,0.0
107,0.0028204255880066947,0.0003448118098146681,0.0008847305481697643,1.4846259645192702e-05,0.0,4.824317102043389e-10,0.00034225093466894966,2.5608775169010706e-05,0.0,0.0,0.010852195776391498,0.023246875304699873,0.18876734375953674,0.21335794620880583,0.034989909915831174,0.1887673530727625,1.0995576753843695e-05,0.0,1217.032258064516,0.0
108,0.0029805993188112495,0.0003483825982714604,0.0009290422819885275,1.4833807085778972e-05,0.0,4.4591082058865716e-11,0.00034557100817827243,2.811585903015969e-05,0.0,0.0,0.010918231913165278,0.023443417783716215,0.18622897565364838,0.21278220224300476,0.03537334990245585,0.1862289784476161,1.0044582478646366e-05,0.0,1230.1935483870968,0.0
109,0.002974603698784185,0.00034300733490714004,0.0009206345693523725,1.7724697213892677e-05,0.0,4.84922650107531e-10,0.0003406090337583529,2.3983009473990285e-05,0.0,0.0,0.01080840468518401,0.023171257959602475,0.18931123614311218,0.2136632391040498,0.03463044867827262,0.18931122636422515,9.174086279589132e-06,0.0,1234.0645161290322,0.0
110,0.0031024974680715993,0.0003427298818548609,0.0009949278206594528,1.7517408746097053e-05,0.0,8.590427690289148e-10,0.00034034447578181116,2.3854038512841464e-05,0.0,0.0,0.010803024458237194,0.023162525202153676,0.18934136629104614,0.21369134301687703,0.034540658351033926,0.1893413756042719,8.384684751284623e-06,0.0,1216.258064516129,0.0
111,0.0029599153466763036,0.0003432265075389296,0.000951860255877217,2.5806501100540175e-05,0.0,5.051176709206052e-11,0.000340804345406858,2.4221590527823927e-05,0.0,0.0,0.010812894361758746,0.02319423019271446,0.18887178599834442,0.21352038723282432,0.034594751695536455,0.18887178553268313,7.676918910108804e-06,0.0,1222.6451612903227,0.0
112,0.00257066867855047,0.000340911717752793,0.0008585245025554491,2.0864011441018748e-05,0.0,2.952123805267623e-10,0.00033873621889922233,2.1754943905502193e-05,0.0,0.0,0.010750198040258806,0.023051874842072433,0.19137702882289886,0.2148437239906989,0.03425918929676726,0.19137702835723758,7.051273823415574e-06,0.0,1218.774193548387,0.0
113,0.0035204714043967186,0.00034255950179483207,0.0010498686310564799,1.9443096855484916e-05,0.0,3.6616139521751957e-10,0.00034021507599391043,2.344432713081395e-05,0.0,0.0,0.010794159063358897,0.023156987269457953,0.18945786356925964,0.21376529861937213,0.034515436669469726,0.1894578617066145,6.508178277095637e-06,0.0,1226.7096774193549,0.0
114,0.0027347026137454857,0.0003428680876303198,0.0008747923880770442,1.7791029970413226e-05,0.0,1.9370456213492347e-10,0.0003405054740142077,2.362610224996128e-05,0.0,0.0,0.010800165558040087,0.023174762283895697,0.18919652700424194,0.21364181000188315,0.03457431955988036,0.18919652374461293,6.048004481708229e-06,0.0,1217.4193548387098,0.0
115,0.00288533910943736,0.00034240361752121577,0.0009267648312097956,1.869541850488355e-05,0.0,8.692983429866324e-11,0.00034009547172380347,2.308143276812708e-05,0.0,0.0,0.010786536037083978,0.023147730505730452,0.189712792634964,0.21388864627290427,0.0345114043396544,0.18971278797835112,5.671067817386509e-06,0.0,1225.1612903225807,0.0
116,0.0023406771116799884,0.0003426592967506232,0.0007781431852509418,1.7615682263420886e-05,0.0,1.9897344828346646e-10,0.00034032987189545693,2.329423192090222e-05,0.0,0.0,0.010792371370910816,0.023163187214245907,0.18949005007743835,0.213781513838486,0.03454767272636719,0.1894900486804545,5.377626617691825e-06,0.0,1210.6451612903227,0.0
117,0.0029472671280194435,0.00034196170703840574,0.0009348640901847712,2.0796106377195927e-05,0.0,6.060954069583374e-11,0.00033971013908740133,2.251570159777267e-05,0.0,0.0,0.01077297254489087,0.023116959769856133,0.1903284192085266,0.2142428925847636,0.03446677674338976,0.1903284164145589,5.167881992564706e-06,0.0,1224.774193548387,0.0
118,0.002935148170968938,0.00034204880856642764,0.0009123118511671501,1.836636109205316e-05,0.0,3.6974851071387974e-10,0.0003397894948388317,2.2593143317603142e-05,0.0,0.0,0.010775194284283567,0.023122292498799515,0.19022583961486816,0.21418899988985587,0.03448467036779923,0.19022584054619074,5.0419776904942365e-06,0.0,1229.6129032258063,0.0
119,0.0027510171358083044,0.0003412971522526017,0.0008895282188595663,2.288838036732951e-05,0.0,3.296690433801384e-11,0.00033911318834205825,2.183965528144784e-05,0.0,0.0,0.010754621799794334,0.02307750370987411,0.1909627914428711,0.21465959459210193,0.03434823326474716,0.19096278911456466,5e-06,0.0,1219.741935483871,0.0
